"","Date","Eth.Exchange.Rate","Eth.Addresses.Total","Eth.Authors","Eth.New.Projects","Eth.Transactions","Eth.Transactions.Cum","Eth.Loc","Unix"
"1",2013-12-31,NA,NA,2,NA,NA,NA,NA,1388448000
"2",2014-01-31,NA,NA,5,NA,NA,NA,NA,1391126400
"3",2014-02-28,NA,NA,6,NA,NA,NA,NA,1393545600
"4",2014-03-31,NA,NA,6,NA,NA,NA,NA,1396224000
"5",2014-04-30,NA,NA,7,NA,NA,NA,NA,1398816000
"6",2014-05-31,NA,NA,10,NA,NA,NA,NA,1401494400
"7",2014-06-30,NA,NA,4,NA,NA,NA,NA,1404086400
"8",2014-07-31,NA,NA,8,NA,NA,NA,NA,1406764800
"9",2014-08-31,NA,NA,2,NA,NA,NA,NA,1409443200
"10",2014-09-30,NA,NA,5,NA,NA,NA,NA,1412035200
"11",2014-10-31,NA,NA,14,NA,NA,NA,NA,1414713600
"12",2014-11-30,NA,NA,12,NA,NA,NA,NA,1417305600
"13",2014-12-31,NA,NA,10,NA,NA,NA,NA,1419984000
"14",2015-01-31,NA,NA,15,NA,NA,NA,NA,1422662400
"15",2015-02-28,NA,NA,20,NA,NA,NA,NA,1425081600
"16",2015-03-31,NA,NA,14,NA,NA,NA,NA,1427760000
"17",2015-04-30,NA,NA,18,NA,NA,NA,NA,1430352000
"18",2015-05-31,NA,NA,13,NA,NA,NA,NA,1433030400
"19",2015-06-30,NA,NA,11,NA,NA,NA,NA,1435622400
"20",2015-07-30,NA,NA,NA,NA,8893,8893,NA,1438214400
"21",2015-07-31,NA,NA,12,NA,0,8893,NA,1438300800
"22",2015-08-01,NA,NA,NA,NA,0,8893,NA,1438387200
"23",2015-08-02,NA,NA,NA,NA,0,8893,NA,1438473600
"24",2015-08-03,NA,NA,NA,NA,0,8893,NA,1438560000
"25",2015-08-04,NA,NA,NA,NA,0,8893,NA,1438646400
"26",2015-08-05,NA,NA,NA,NA,0,8893,NA,1438732800
"27",2015-08-06,NA,NA,NA,NA,0,8893,NA,1438819200
"28",2015-08-07,2.77,10314,NA,NA,2050,10943,2397500,1438905600
"29",2015-08-08,0.753325,10730,NA,NA,2881,13824,2398969,1438992000
"30",2015-08-09,0.701897,11004,NA,NA,1329,15153,2399008,1439078400
"31",2015-08-10,0.708448,11679,NA,NA,2037,17190,2399008,1439164800
"32",2015-08-11,1.07,13576,NA,NA,4963,22153,2400297,1439251200
"33",2015-08-12,1.22,13913,NA,NA,2036,24189,2400297,1439337600
"34",2015-08-13,1.83,14459,NA,NA,2842,27031,2400624,1439424000
"35",2015-08-14,1.83,15024,NA,NA,3174,30205,2401702,1439510400
"36",2015-08-15,1.69,15407,NA,NA,2284,32489,2401697,1439596800
"37",2015-08-16,1.57,15407,NA,NA,NA,32489,2401701,1439683200
"38",2015-08-17,1.57,15407,NA,NA,NA,32489,2401725,1439769600
"39",2015-08-18,1.09,16268,NA,NA,2494,39935,2401734,1439856000
"40",2015-08-19,1.26,16553,NA,NA,3246,43181,2399888,1439942400
"41",2015-08-20,1.46,16773,NA,NA,2303,45484,2400201,1440028800
"42",2015-08-21,1.4,17070,NA,NA,3919,49403,2400201,1440115200
"43",2015-08-22,1.38,17313,NA,NA,3579,52982,2400201,1440201600
"44",2015-08-23,1.35,17662,NA,NA,4190,57172,2400201,1440288000
"45",2015-08-24,1.23,17839,NA,NA,4432,61604,2400201,1440374400
"46",2015-08-25,1.14,18089,NA,NA,4487,66091,2400566,1440460800
"47",2015-08-26,1.16,18298,NA,NA,4156,70247,2402580,1440547200
"48",2015-08-27,1.15,18508,NA,NA,5590,75837,2402580,1440633600
"49",2015-08-28,1.19,18687,NA,NA,4758,80595,2402580,1440720000
"50",2015-08-29,1.18,18815,NA,NA,4139,84734,2402603,1440806400
"51",2015-08-30,1.32,19017,NA,NA,4572,89306,2402603,1440892800
"52",2015-08-31,1.32,19017,NA,NA,NA,89306,2402614,1440979200
"53",2015-09-01,1.35,19349,NA,NA,5153,99655,2402633,1441065600
"54",2015-09-02,1.29,19500,NA,NA,5195,104850,2403073,1441152000
"55",2015-09-03,1.26,19646,NA,NA,4777,109627,2403075,1441238400
"56",2015-09-04,1.27,19791,NA,NA,5642,115269,2403075,1441324800
"57",2015-09-05,1.34,19955,NA,NA,5519,120788,2403075,1441411200
"58",2015-09-06,1.3,20081,NA,NA,5521,126309,2403075,1441497600
"59",2015-09-07,1.25,20308,NA,NA,5702,132011,2403075,1441584000
"60",2015-09-08,1.24,20433,NA,NA,5622,137633,2403075,1441670400
"61",2015-09-09,1.21,20609,NA,NA,5604,143237,2403188,1441756800
"62",2015-09-10,1.17,20711,NA,NA,5341,148578,2403625,1441843200
"63",2015-09-11,0.982978,20897,NA,NA,6460,155038,2404126,1441929600
"64",2015-09-12,1.04,21043,NA,NA,5596,160634,2404126,1442016000
"65",2015-09-13,0.936003,21252,NA,NA,6057,166691,2404126,1442102400
"66",2015-09-14,0.875622,21409,NA,NA,5572,172263,2404097,1442188800
"67",2015-09-15,0.94441,21581,NA,NA,5409,177672,2404111,1442275200
"68",2015-09-16,0.907175,21719,NA,NA,5872,183544,2405051,1442361600
"69",2015-09-17,0.874231,21826,NA,NA,5368,188912,2405054,1442448000
"70",2015-09-18,0.853685,21999,NA,NA,5802,194714,2417772,1442534400
"71",2015-09-19,0.882391,22106,NA,NA,5205,199919,2417772,1442620800
"72",2015-09-20,0.938445,22230,NA,NA,6402,206321,2417772,1442707200
"73",2015-09-21,0.919047,22363,NA,NA,6305,212626,2418238,1442793600
"74",2015-09-22,0.901796,22496,NA,NA,6804,219430,2418238,1442880000
"75",2015-09-23,0.893406,22648,NA,NA,7404,226834,2425102,1442966400
"76",2015-09-24,0.81361,22783,NA,NA,6224,233058,2425102,1443052800
"77",2015-09-25,0.736223,22902,NA,NA,5851,238909,2425118,1443139200
"78",2015-09-26,0.785964,22964,NA,NA,5907,244816,2425118,1443225600
"79",2015-09-27,0.720839,23045,NA,NA,5760,250576,2425118,1443312000
"80",2015-09-28,0.582886,23160,NA,NA,6123,256699,2425118,1443398400
"81",2015-09-29,0.661146,23283,NA,NA,5738,262437,2425118,1443484800
"82",2015-09-30,0.738644,23385,11,NA,5870,268307,2425156,1443571200
"83",2015-10-01,0.690215,23482,NA,NA,6421,274728,2425632,1443657600
"84",2015-10-02,0.678574,23563,NA,NA,6063,280791,2425679,1443744000
"85",2015-10-03,0.687171,23689,NA,NA,6112,286903,2425679,1443830400
"86",2015-10-04,0.668379,23777,NA,NA,6624,293527,2425679,1443916800
"87",2015-10-05,0.628643,23909,NA,NA,6279,299806,2425548,1444003200
"88",2015-10-06,0.650645,24005,NA,NA,6458,306264,2425548,1444089600
"89",2015-10-07,0.609388,24102,NA,NA,7121,313385,2425551,1444176000
"90",2015-10-08,0.621716,24168,NA,NA,6926,320311,2425689,1444262400
"91",2015-10-09,0.650628,24243,NA,NA,6763,327074,2425741,1444348800
"92",2015-10-10,0.627857,24303,NA,NA,6529,333603,2425741,1444435200
"93",2015-10-11,0.634963,24359,NA,NA,6023,339626,2425741,1444521600
"94",2015-10-12,0.62603,24473,NA,NA,6593,346219,2425742,1444608000
"95",2015-10-13,0.607655,24675,NA,NA,6818,353037,2425742,1444694400
"96",2015-10-14,0.522968,24906,NA,NA,6830,359867,2425742,1444780800
"97",2015-10-15,0.561878,25142,NA,NA,6499,366366,2429599,1444867200
"98",2015-10-16,0.536495,25248,NA,NA,6795,373161,2437065,1444953600
"99",2015-10-17,0.547178,25356,NA,NA,6567,379728,2437065,1445040000
"100",2015-10-18,0.517734,25489,NA,NA,6481,386209,2437065,1445126400
"101",2015-10-19,0.489014,25729,NA,NA,6604,392813,2437065,1445212800
"102",2015-10-20,0.434829,25828,NA,NA,5897,398710,2437015,1445299200
"103",2015-10-21,0.567702,25828,NA,NA,NA,398710,2440649,1445385600
"104",2015-10-22,0.567702,25828,NA,NA,NA,398710,2440845,1445472000
"105",2015-10-23,0.539657,26449,NA,NA,6888,417759,2440862,1445558400
"106",2015-10-24,0.56359,26892,NA,NA,6361,424120,2440862,1445644800
"107",2015-10-25,0.616039,27220,NA,NA,5830,429950,2457863,1445731200
"108",2015-10-26,0.731317,27534,NA,NA,5938,435888,2457830,1445817600
"109",2015-10-27,0.869641,27744,NA,NA,6784,442672,2457830,1445904000
"110",2015-10-28,1,27918,NA,NA,7346,450018,2457847,1445990400
"111",2015-10-29,1.21,28188,NA,NA,7836,457854,2465830,1446076800
"112",2015-10-30,1.04,28770,NA,NA,7941,465795,2464586,1446163200
"113",2015-10-31,0.916627,29166,8,NA,7557,473352,2464593,1446249600
"114",2015-11-01,1.06,29676,NA,NA,6915,480267,2464593,1446336000
"115",2015-11-02,0.989789,29973,NA,NA,6558,486825,2464593,1446422400
"116",2015-11-03,1.01,30326,NA,NA,7399,494224,2464657,1446508800
"117",2015-11-04,0.89905,30608,NA,NA,7037,501261,2464815,1446595200
"118",2015-11-05,0.895637,30815,NA,NA,7498,508759,2464827,1446681600
"119",2015-11-06,0.926032,30968,NA,NA,7882,516641,2464814,1446768000
"120",2015-11-07,0.927974,31514,NA,NA,10996,527637,2464814,1446854400
"121",2015-11-08,1.03,32153,NA,NA,12413,540050,2464814,1446940800
"122",2015-11-09,0.999278,32455,NA,NA,7689,547739,2464814,1447027200
"123",2015-11-10,0.934348,32634,NA,NA,8151,555890,2464814,1447113600
"124",2015-11-11,0.791829,32804,NA,NA,10217,566107,2464816,1447200000
"125",2015-11-12,0.895711,32918,NA,NA,9534,575641,2464816,1447286400
"126",2015-11-13,0.904096,33055,NA,NA,7891,583532,2464816,1447372800
"127",2015-11-14,0.888812,33157,NA,NA,7211,590743,2464816,1447459200
"128",2015-11-15,0.906368,33264,NA,NA,7170,597913,2464816,1447545600
"129",2015-11-16,0.928962,33376,NA,NA,7442,605355,2464816,1447632000
"130",2015-11-17,1.01,33512,NA,NA,7145,612500,2464824,1447718400
"131",2015-11-18,0.993319,33629,NA,NA,7373,619873,2465223,1447804800
"132",2015-11-19,0.955532,33765,NA,NA,8876,628749,2465431,1447891200
"133",2015-11-20,0.92492,33883,NA,NA,6348,635097,2465523,1447977600
"134",2015-11-21,0.97614,33999,NA,NA,6822,641919,2465523,1448064000
"135",2015-11-22,0.968018,34447,NA,NA,7083,649002,2465523,1448150400
"136",2015-11-23,0.946969,34594,NA,NA,8260,657262,2466349,1448236800
"137",2015-11-24,0.900191,34812,NA,NA,7152,664414,2466360,1448323200
"138",2015-11-25,0.863537,34913,NA,NA,7098,671512,2466377,1448409600
"139",2015-11-26,0.884183,35071,NA,NA,7278,678790,2471707,1448496000
"140",2015-11-27,0.867951,35136,NA,NA,6639,685429,2473178,1448582400
"141",2015-11-28,0.915703,35204,NA,NA,6817,692246,2473178,1448668800
"142",2015-11-29,0.878614,35288,NA,NA,6853,699099,2473178,1448755200
"143",2015-11-30,0.873119,35402,7,NA,8986,708085,2473178,1448841600
"144",2015-12-01,0.8748,35508,NA,NA,6794,714879,2473450,1448928000
"145",2015-12-02,0.82121,35508,NA,NA,NA,714879,2473600,1449014400
"146",2015-12-03,0.82121,35508,NA,NA,NA,714879,2473674,1449100800
"147",2015-12-04,0.840041,35879,NA,NA,6898,735250,2473637,1449187200
"148",2015-12-05,0.862438,36022,NA,NA,6784,742034,2473637,1449273600
"149",2015-12-06,0.8355,36291,NA,NA,9103,751137,2473637,1449360000
"150",2015-12-07,0.811264,36437,NA,NA,7141,758278,2473804,1449446400
"151",2015-12-08,0.822118,36557,NA,NA,6697,764975,2473804,1449532800
"152",2015-12-09,0.792167,36673,NA,NA,7001,771976,2473868,1449619200
"153",2015-12-10,0.840396,36820,NA,NA,7444,779420,2473868,1449705600
"154",2015-12-11,0.929762,36951,NA,NA,8105,787525,2473868,1449792000
"155",2015-12-12,0.976973,37373,NA,NA,8205,795730,2473868,1449878400
"156",2015-12-13,0.952884,37569,NA,NA,7426,803156,2473868,1449964800
"157",2015-12-14,0.993022,37729,NA,NA,15550,818706,2478556,1450051200
"158",2015-12-15,1.01,37850,NA,NA,21098,839804,2479024,1450137600
"159",2015-12-16,0.991182,37990,NA,NA,10304,850108,2480128,1450224000
"160",2015-12-17,0.940701,38358,NA,NA,9612,859720,2480221,1450310400
"161",2015-12-18,0.920127,38634,NA,NA,9032,868752,2481534,1450396800
"162",2015-12-19,0.908072,38756,NA,NA,9314,878066,2481534,1450483200
"163",2015-12-20,0.903885,38902,NA,NA,9879,887945,2481534,1450569600
"164",2015-12-21,0.900771,39082,NA,NA,12063,900008,2481534,1450656000
"165",2015-12-22,0.864202,39208,NA,NA,21027,921035,2481534,1450742400
"166",2015-12-23,0.858077,39317,NA,NA,22740,943775,2481534,1450828800
"167",2015-12-24,0.863262,39422,NA,NA,13494,957269,2481534,1450915200
"168",2015-12-25,0.870363,39537,NA,NA,9521,966790,2481534,1451001600
"169",2015-12-26,0.854603,39678,NA,NA,10726,977516,2481534,1451088000
"170",2015-12-27,0.856365,39822,NA,NA,21867,999383,2481534,1451174400
"171",2015-12-28,0.845005,40010,NA,NA,12368,1011751,2481534,1451260800
"172",2015-12-29,0.873054,40182,NA,NA,11358,1023109,2481534,1451347200
"173",2015-12-30,0.911958,40333,NA,NA,21767,1044876,2480393,1451433600
"174",2015-12-31,0.933542,40566,5,NA,10301,1055177,2480393,1451520000
"175",2016-01-01,0.948024,40701,NA,NA,8233,1063410,2480393,1451606400
"176",2016-01-02,0.937124,40850,NA,NA,9164,1072574,2480393,1451692800
"177",2016-01-03,0.971905,41000,NA,NA,9258,1081832,2480393,1451779200
"178",2016-01-04,0.95448,41198,NA,NA,9474,1091306,2480393,1451865600
"179",2016-01-05,0.950176,41381,NA,NA,16430,1107736,2480717,1451952000
"180",2016-01-06,0.95086,41647,NA,NA,17074,1124810,2480717,1452038400
"181",2016-01-07,0.942005,41869,NA,NA,22075,1146885,2480717,1452124800
"182",2016-01-08,0.986789,42078,NA,NA,10919,1157804,2480718,1452211200
"183",2016-01-09,0.986833,42411,NA,NA,11793,1169597,2480718,1452297600
"184",2016-01-10,0.999231,42678,NA,NA,10320,1179917,2480718,1452384000
"185",2016-01-11,1.06,43005,NA,NA,10893,1190810,2480713,1452470400
"186",2016-01-12,1.14,43351,NA,NA,10862,1201672,2480713,1452556800
"187",2016-01-13,1.13,43579,NA,NA,17665,1219337,2480713,1452643200
"188",2016-01-14,1.19,43804,NA,NA,10653,1229990,2480714,1452729600
"189",2016-01-15,1.21,44209,NA,NA,9875,1239865,2480714,1452816000
"190",2016-01-16,1.22,44494,NA,NA,10664,1250529,2480714,1452902400
"191",2016-01-17,1.33,44771,NA,NA,9747,1260276,2480714,1452988800
"192",2016-01-18,1.43,45167,NA,NA,12916,1273192,2480714,1453075200
"193",2016-01-19,1.37,45486,NA,NA,13420,1286612,2480714,1453161600
"194",2016-01-20,1.53,45937,NA,NA,10610,1297222,2480804,1453248000
"195",2016-01-21,1.55,46362,NA,NA,10734,1307956,2480804,1453334400
"196",2016-01-22,1.5,46783,NA,NA,13848,1321804,2480817,1453420800
"197",2016-01-23,1.97,47374,NA,NA,11025,1332829,2480817,1453507200
"198",2016-01-24,2.14,48105,NA,NA,12798,1345627,2480817,1453593600
"199",2016-01-25,2.5,48925,NA,NA,17121,1362748,2480837,1453680000
"200",2016-01-26,2.28,49844,NA,NA,16511,1379259,2471228,1453766400
"201",2016-01-27,2.39,50637,NA,NA,18747,1398006,2471228,1453852800
"202",2016-01-28,2.53,51643,NA,NA,16765,1414771,2471738,1453939200
"203",2016-01-29,2.49,52611,NA,NA,16395,1431166,2471738,1454025600
"204",2016-01-30,2.45,53598,NA,NA,14661,1445827,2471738,1454112000
"205",2016-01-31,2.31,54494,9,NA,14166,1459993,2471767,1454198400
"206",2016-02-01,2.21,55186,NA,NA,14199,1474192,2471884,1454284800
"207",2016-02-02,2.44,55768,NA,NA,14291,1488483,2471999,1454371200
"208",2016-02-03,2.53,56445,NA,NA,14274,1502757,2472455,1454457600
"209",2016-02-04,2.58,57050,NA,NA,14371,1517128,2472455,1454544000
"210",2016-02-05,2.54,57863,NA,NA,15249,1532377,2472582,1454630400
"211",2016-02-06,2.53,58402,NA,NA,31418,1563795,2472688,1454716800
"212",2016-02-07,2.96,58925,NA,NA,14264,1578059,2472688,1454803200
"213",2016-02-08,3.18,59593,NA,NA,14719,1592778,2472688,1454889600
"214",2016-02-09,4.04,60346,NA,NA,15517,1608295,2472688,1454976000
"215",2016-02-10,4.44,61635,NA,NA,17141,1625436,2472682,1455062400
"216",2016-02-11,6.01,63947,NA,NA,21440,1646876,2473113,1455148800
"217",2016-02-12,5.55,63947,NA,NA,NA,1646876,2473113,1455235200
"218",2016-02-13,5.55,63947,NA,NA,NA,1646876,2473318,1455321600
"219",2016-02-14,5.24,68010,NA,NA,16624,1700936,2473389,1455408000
"220",2016-02-15,5.29,68996,NA,NA,17159,1718095,2473389,1455494400
"221",2016-02-16,4.32,69956,NA,NA,17549,1735644,2473389,1455580800
"222",2016-02-17,3.76,70919,NA,NA,19990,1755634,2570784,1455667200
"223",2016-02-18,4.4,71720,NA,NA,16969,1772603,2570784,1455753600
"224",2016-02-19,4.74,73097,NA,NA,18412,1791015,2757364,1455840000
"225",2016-02-20,4.34,73761,NA,NA,16714,1807729,2757364,1455926400
"226",2016-02-21,4.65,75500,NA,NA,17119,1824848,2757364,1456012800
"227",2016-02-22,5.62,76417,NA,NA,18190,1843038,2757364,1456099200
"228",2016-02-23,5.59,77363,NA,NA,18482,1861520,2757984,1456185600
"229",2016-02-24,6.24,78179,NA,NA,19540,1881060,2758430,1456272000
"230",2016-02-25,6.1,79187,NA,NA,19503,1900563,2758430,1456358400
"231",2016-02-26,5.92,80568,NA,NA,21068,1921631,2755220,1456444800
"232",2016-02-27,6.43,81372,NA,NA,18981,1940612,2755220,1456531200
"233",2016-02-28,6.47,82742,NA,NA,19063,1959675,2755220,1456617600
"234",2016-02-29,6.34,84582,6,NA,20358,1980033,2755227,1456704000
"235",2016-03-01,7.65,86447,NA,NA,21778,2001811,2755293,1456790400
"236",2016-03-02,8.47,88628,NA,NA,23562,2025373,2755253,1456876800
"237",2016-03-03,9.29,90921,NA,NA,24837,2050210,2755093,1456963200
"238",2016-03-04,10.41,93327,NA,NA,24287,2074497,2755093,1457049600
"239",2016-03-05,11,96435,NA,NA,27115,2101612,2755093,1457136000
"240",2016-03-06,11.38,99307,NA,NA,27661,2129273,2755093,1457222400
"241",2016-03-07,9.55,101184,NA,NA,23271,2152544,2755093,1457308800
"242",2016-03-08,9.85,103555,NA,NA,24104,2176648,2755132,1457395200
"243",2016-03-09,11.9,105944,NA,NA,24557,2201205,2755284,1457481600
"244",2016-03-10,11.3,108347,NA,NA,24814,2226019,2753619,1457568000
"245",2016-03-11,11.08,109835,NA,NA,23124,2249143,2753598,1457654400
"246",2016-03-12,13.53,111755,NA,NA,27887,2277030,2753598,1457740800
"247",2016-03-13,14.47,113690,NA,NA,28127,2305157,2753598,1457827200
"248",2016-03-14,12.45,115840,NA,NA,28528,2333685,2753619,1457913600
"249",2016-03-15,13.01,117680,NA,NA,29273,2362958,2753672,1458000000
"250",2016-03-16,12.52,119290,NA,NA,27596,2390554,2753675,1458086400
"251",2016-03-17,11.08,120974,NA,NA,33531,2424085,2753830,1458172800
"252",2016-03-18,11,122851,NA,NA,31821,2455906,2753830,1458259200
"253",2016-03-19,10.53,124108,NA,NA,34779,2490685,2753830,1458345600
"254",2016-03-20,10.32,125636,NA,NA,32447,2523132,2753830,1458432000
"255",2016-03-21,11.86,127167,NA,NA,32511,2555643,2753830,1458518400
"256",2016-03-22,11.27,128345,NA,NA,32890,2588533,2753830,1458604800
"257",2016-03-23,12.42,129689,NA,NA,31786,2620319,2754821,1458691200
"258",2016-03-24,11.23,130970,NA,NA,36947,2657266,2767610,1458777600
"259",2016-03-25,10.74,132066,NA,NA,36762,2694028,2767642,1458864000
"260",2016-03-26,10.97,133107,NA,NA,36646,2730674,2767642,1458950400
"261",2016-03-27,10.42,134131,NA,NA,29974,2760648,2767642,1459036800
"262",2016-03-28,11.67,135514,NA,NA,33613,2794261,2767642,1459123200
"263",2016-03-29,11.66,137297,NA,NA,33915,2828176,2767642,1459209600
"264",2016-03-30,11.95,139755,NA,NA,36767,2864943,2767642,1459296000
"265",2016-03-31,11.4,141814,8,NA,32259,2897202,2767658,1459382400
"266",2016-04-01,11.66,142900,NA,NA,33320,2930522,2768094,1459468800
"267",2016-04-02,11.6,144015,NA,NA,29358,2959880,2768095,1459555200
"268",2016-04-03,11.62,144966,NA,NA,29588,2989468,2768095,1459641600
"269",2016-04-04,11.16,146172,NA,NA,34907,3024375,2768234,1459728000
"270",2016-04-05,10.44,147380,NA,NA,39173,3063548,2769940,1459814400
"271",2016-04-06,10.69,148499,NA,NA,32078,3095626,2769940,1459900800
"272",2016-04-07,10.07,149643,NA,NA,31893,3127519,2769940,1459987200
"273",2016-04-08,9.72,150453,NA,NA,34010,3161529,2769940,1460073600
"274",2016-04-09,9.15,151383,NA,NA,31923,3193452,2769940,1460160000
"275",2016-04-10,8.94,152608,NA,NA,32237,3225689,2769940,1460246400
"276",2016-04-11,8.64,153660,NA,NA,30327,3256016,2770003,1460332800
"277",2016-04-12,7.44,154885,NA,NA,34673,3290689,2778980,1460419200
"278",2016-04-13,8.04,156088,NA,NA,36051,3326740,2779044,1460505600
"279",2016-04-14,8.39,157073,NA,NA,34781,3361521,2779066,1460592000
"280",2016-04-15,8.24,157904,NA,NA,34959,3396480,2779359,1460678400
"281",2016-04-16,8.61,158682,NA,NA,30483,3426963,2779359,1460764800
"282",2016-04-17,9.31,159556,NA,NA,40203,3467166,2779359,1460851200
"283",2016-04-18,9.04,160474,NA,NA,33513,3500679,2779359,1460937600
"284",2016-04-19,8.71,161308,NA,NA,32622,3533301,2779364,1461024000
"285",2016-04-20,8.47,162317,NA,NA,32944,3566245,2779364,1461110400
"286",2016-04-21,8.1,164290,NA,NA,37181,3603426,2779364,1461196800
"287",2016-04-22,7.82,165351,NA,NA,31678,3635104,2779364,1461283200
"288",2016-04-23,8.29,166350,NA,NA,31845,3666949,2779364,1461369600
"289",2016-04-24,8,167428,NA,NA,34046,3700995,2779364,1461456000
"290",2016-04-25,7.55,168546,NA,NA,35430,3736425,2779354,1461542400
"291",2016-04-26,7.4,169724,NA,NA,32582,3769007,2779409,1461628800
"292",2016-04-27,7.76,170969,NA,NA,33847,3802854,2779480,1461715200
"293",2016-04-28,7.17,172060,NA,NA,34343,3837197,2779851,1461801600
"294",2016-04-29,7.46,173151,NA,NA,37332,3874529,2779896,1461888000
"295",2016-04-30,8.81,179195,8,NA,45769,3920298,2779896,1461974400
"296",2016-05-01,8.85,181732,NA,NA,39578,3959876,2779896,1462060800
"297",2016-05-02,10.16,185706,NA,NA,41748,4001624,2779896,1462147200
"298",2016-05-03,9.31,187283,NA,NA,37821,4039445,2781314,1462233600
"299",2016-05-04,9.41,188964,NA,NA,37484,4076929,2781314,1462320000
"300",2016-05-05,9.83,190554,NA,NA,38707,4115636,2781314,1462406400
"301",2016-05-06,9.35,191961,NA,NA,41271,4156907,2781314,1462492800
"302",2016-05-07,9.37,193317,NA,NA,35864,4192771,2781314,1462579200
"303",2016-05-08,9.48,194961,NA,NA,40063,4232834,2781320,1462665600
"304",2016-05-09,9.3,196739,NA,NA,38560,4271394,2781453,1462752000
"305",2016-05-10,9.36,198321,NA,NA,40684,4312078,2781449,1462838400
"306",2016-05-11,10,200962,NA,NA,40811,4352889,2781467,1462924800
"307",2016-05-12,10.06,204086,NA,NA,45002,4397891,2781733,1463011200
"308",2016-05-13,10.51,206863,NA,NA,47737,4445628,2781733,1463097600
"309",2016-05-14,10.24,209138,NA,NA,45745,4491373,2781733,1463184000
"310",2016-05-15,9.96,211568,NA,NA,43073,4534446,2781733,1463270400
"311",2016-05-16,11.17,213318,NA,NA,37424,4571870,2781733,1463356800
"312",2016-05-17,12.2,215820,NA,NA,40309,4612179,2781739,1463443200
"313",2016-05-18,13.56,220927,NA,NA,46033,4658212,2781747,1463529600
"314",2016-05-19,14.77,224845,NA,NA,44523,4702735,2781747,1463616000
"315",2016-05-20,13.64,230158,NA,NA,45177,4747912,2782263,1463702400
"316",2016-05-21,14.02,234753,NA,NA,43621,4791533,2782263,1463788800
"317",2016-05-22,14.29,237169,NA,NA,38895,4830428,2782263,1463875200
"318",2016-05-23,13.46,239919,NA,NA,43806,4874234,2782557,1463961600
"319",2016-05-24,12.73,242437,NA,NA,42911,4917145,2782557,1464048000
"320",2016-05-25,12.53,245842,NA,NA,46443,4963588,2782573,1464134400
"321",2016-05-26,12.43,248713,NA,NA,51147,5014735,2782573,1464220800
"322",2016-05-27,11.89,248713,NA,NA,NA,5014735,2782573,1464307200
"323",2016-05-28,11.89,248713,NA,NA,NA,5014735,2782573,1464393600
"324",2016-05-29,12.35,269270,NA,NA,45890,5179779,2782573,1464480000
"325",2016-05-30,12.73,271793,NA,NA,42927,5222706,2782684,1464566400
"326",2016-05-31,14.08,274614,9,NA,44386,5267092,2782780,1464652800
"327",2016-06-01,14,277124,NA,NA,42221,5309313,2782780,1464739200
"328",2016-06-02,13.74,279202,NA,NA,39666,5348979,2782780,1464825600
"329",2016-06-03,13.85,281283,NA,NA,39834,5388813,2782799,1464912000
"330",2016-06-04,13.74,283172,NA,NA,37875,5426688,2782799,1464998400
"331",2016-06-05,13.97,285007,NA,NA,37896,5464584,2782799,1465084800
"332",2016-06-06,13.93,287195,NA,NA,38957,5503541,2783078,1465171200
"333",2016-06-07,14.51,293517,NA,NA,46141,5549682,2783078,1465257600
"334",2016-06-08,14.42,295834,NA,NA,40433,5590115,2783087,1465344000
"335",2016-06-09,14.4,298208,NA,NA,39854,5629969,2783176,1465430400
"336",2016-06-10,13.91,300769,NA,NA,40145,5670114,2783833,1465516800
"337",2016-06-11,14.19,303280,NA,NA,36901,5707015,2783833,1465603200
"338",2016-06-12,15.74,306177,NA,NA,42581,5749596,2783833,1465689600
"339",2016-06-13,17.6,311130,NA,NA,46185,5795781,2784315,1465776000
"340",2016-06-14,18.89,315391,NA,NA,50335,5846116,2784349,1465862400
"341",2016-06-15,18.35,318367,NA,NA,43251,5889367,2784372,1465948800
"342",2016-06-16,20.59,323909,NA,NA,43392,5932759,2784372,1466035200
"343",2016-06-17,15.38,337984,NA,NA,66558,5999317,2784372,1466121600
"344",2016-06-18,11.33,352687,NA,NA,63083,6062400,2784372,1466208000
"345",2016-06-19,12.23,359236,NA,NA,51035,6113435,2784372,1466294400
"346",2016-06-20,11.84,364968,NA,NA,47118,6160553,2784372,1466380800
"347",2016-06-21,13.31,369392,NA,NA,47323,6207876,2784372,1466467200
"348",2016-06-22,13.1,375128,NA,NA,48615,6256491,2784371,1466553600
"349",2016-06-23,14.33,375128,NA,NA,NA,6256491,2785195,1466640000
"350",2016-06-24,14.33,375128,NA,NA,NA,6256491,2785644,1466726400
"351",2016-06-25,14.28,384815,NA,NA,36684,6380414,2785644,1466812800
"352",2016-06-26,13.85,387234,NA,NA,41613,6422027,2785644,1466899200
"353",2016-06-27,13.88,389903,NA,NA,39663,6461690,2785644,1466985600
"354",2016-06-28,12.18,393251,NA,NA,43089,6504779,2785644,1467072000
"355",2016-06-29,12.61,396171,NA,NA,49897,6554676,2785180,1467158400
"356",2016-06-30,12.46,398289,13,NA,63952,6618628,2785671,1467244800
"357",2016-07-01,12.2,401254,NA,NA,40085,6658713,2785671,1467331200
"358",2016-07-02,12.13,403829,NA,NA,39257,6697970,2785671,1467417600
"359",2016-07-03,11.72,407099,NA,NA,39757,6737727,2785671,1467504000
"360",2016-07-04,11.47,409961,NA,NA,39950,6777677,2785671,1467590400
"361",2016-07-05,10.61,413875,NA,NA,39270,6816947,2785671,1467676800
"362",2016-07-06,10.53,416917,NA,NA,37900,6854847,2785671,1467763200
"363",2016-07-07,10.11,420028,NA,NA,40433,6895280,2785671,1467849600
"364",2016-07-08,11.39,423126,NA,NA,42506,6937786,2785671,1467936000
"365",2016-07-09,10.97,427153,NA,NA,40410,6978196,2785671,1468022400
"366",2016-07-10,10.95,430282,NA,NA,39358,7017554,2785671,1468108800
"367",2016-07-11,10.46,432814,NA,NA,38582,7056136,2785671,1468195200
"368",2016-07-12,10.52,436469,NA,NA,40811,7096947,2785872,1468281600
"369",2016-07-13,10.5,439291,NA,NA,35740,7132687,2785872,1468368000
"370",2016-07-14,11.51,442427,NA,NA,42809,7175496,2785874,1468454400
"371",2016-07-15,11.95,445925,NA,NA,41110,7216606,2785128,1468540800
"372",2016-07-16,11.65,448149,NA,NA,38062,7254668,2794892,1468627200
"373",2016-07-17,11.16,449627,NA,NA,33914,7288582,2794892,1468713600
"374",2016-07-18,11.03,452120,NA,NA,39198,7327780,2794892,1468800000
"375",2016-07-19,11.62,455066,NA,NA,44184,7371964,2794935,1468886400
"376",2016-07-20,12.45,459828,NA,NA,50631,7422595,2794970,1468972800
"377",2016-07-21,12.65,463245,NA,NA,44882,7467477,2794970,1469059200
"378",2016-07-22,14.66,467682,NA,NA,48458,7515935,2794983,1469145600
"379",2016-07-23,14.3,471467,NA,NA,45006,7560941,2794983,1469232000
"380",2016-07-24,12.75,475286,NA,NA,58215,7619156,2794983,1469318400
"381",2016-07-25,13.84,479819,NA,NA,54856,7674012,2794837,1469404800
"382",2016-07-26,11.99,485119,NA,NA,61930,7735942,2794836,1469491200
"383",2016-07-27,12.97,490249,NA,NA,53035,7788977,2794836,1469577600
"384",2016-07-28,12.84,493294,NA,NA,48555,7837532,2794836,1469664000
"385",2016-07-29,12.79,496589,NA,NA,47243,7884775,2794884,1469750400
"386",2016-07-30,12.46,498814,NA,NA,42011,7926786,2794884,1469836800
"387",2016-07-31,11.88,501305,10,NA,48749,7975535,2794884,1469923200
"388",2016-08-01,10.94,503754,NA,NA,45978,8021513,2794884,1470009600
"389",2016-08-02,8.79,507459,NA,NA,49041,8070554,2794884,1470096000
"390",2016-08-03,10.29,510443,NA,NA,49475,8120029,2794884,1470182400
"391",2016-08-04,11.04,513258,NA,NA,46761,8166790,2794884,1470268800
"392",2016-08-05,10.93,515463,NA,NA,43212,8210002,2794882,1470355200
"393",2016-08-06,10.88,517347,NA,NA,41487,8251489,2794882,1470441600
"394",2016-08-07,10.91,519108,NA,NA,42955,8294444,2794882,1470528000
"395",2016-08-08,11.25,521038,NA,NA,42984,8337428,2794889,1470614400
"396",2016-08-09,12.24,521038,NA,NA,NA,8337428,2795008,1470700800
"397",2016-08-10,12.24,521038,NA,NA,NA,8337428,2795008,1470787200
"398",2016-08-11,11.69,529018,NA,NA,48171,8478946,2795008,1470873600
"399",2016-08-12,11.78,531192,NA,NA,44400,8523346,2795008,1470960000
"400",2016-08-13,11.57,532827,NA,NA,41088,8564434,2795008,1471046400
"401",2016-08-14,11.19,534412,NA,NA,40577,8605011,2795008,1471132800
"402",2016-08-15,11.22,536080,NA,NA,42302,8647313,2795008,1471219200
"403",2016-08-16,11.14,537798,NA,NA,48949,8696262,2795075,1471305600
"404",2016-08-17,10.75,539428,NA,NA,44867,8741129,2795127,1471392000
"405",2016-08-18,10.76,541085,NA,NA,47799,8788928,2795127,1471478400
"406",2016-08-19,10.75,542717,NA,NA,42948,8831876,2795093,1471564800
"407",2016-08-20,11.25,544620,NA,NA,41318,8873194,2795093,1471651200
"408",2016-08-21,11.18,546514,NA,NA,42543,8915737,2795093,1471737600
"409",2016-08-22,11.12,548109,NA,NA,44250,8959987,2794998,1471824000
"410",2016-08-23,11.03,550573,NA,NA,48430,9008417,2795522,1471910400
"411",2016-08-24,11.04,552384,NA,NA,46821,9055238,2795554,1471996800
"412",2016-08-25,11.36,554545,NA,NA,49868,9105106,2796712,1472083200
"413",2016-08-26,11.3,556489,NA,NA,47292,9152398,2796712,1472169600
"414",2016-08-27,11.15,557883,NA,NA,47938,9200336,2796712,1472256000
"415",2016-08-28,10.93,559482,NA,NA,42607,9242943,2796712,1472342400
"416",2016-08-29,10.98,561294,NA,NA,45510,9288453,2800035,1472428800
"417",2016-08-30,11.23,563151,NA,NA,46979,9335432,2766732,1472515200
"418",2016-08-31,11.67,565136,13,NA,45846,9381278,2766704,1472601600
"419",2016-09-01,11.99,567294,NA,NA,47491,9428769,2777513,1472688000
"420",2016-09-02,12.11,569263,NA,NA,55413,9484182,2778106,1472774400
"421",2016-09-03,11.76,571037,NA,NA,44792,9528974,2778106,1472860800
"422",2016-09-04,11.68,572702,NA,NA,48128,9577102,2778106,1472947200
"423",2016-09-05,11.72,574371,NA,NA,42667,9619769,2778146,1473033600
"424",2016-09-06,11.69,576228,NA,NA,49102,9668871,2778196,1473120000
"425",2016-09-07,11.55,577984,NA,NA,48701,9717572,2778196,1473206400
"426",2016-09-08,11.35,579977,NA,NA,55970,9773542,2778196,1473292800
"427",2016-09-09,11.65,582016,NA,NA,53918,9827460,2778327,1473379200
"428",2016-09-10,12.17,583909,NA,NA,42875,9870335,2778327,1473465600
"429",2016-09-11,11.64,585641,NA,NA,43345,9913680,2778327,1473552000
"430",2016-09-12,11.89,588032,NA,NA,45123,9958803,2778379,1473638400
"431",2016-09-13,11.92,589982,NA,NA,42591,10001394,2778379,1473724800
"432",2016-09-14,11.92,591822,NA,NA,53859,10055253,2778380,1473811200
"433",2016-09-15,11.94,593560,NA,NA,52622,10107875,2778371,1473897600
"434",2016-09-16,12.56,595415,NA,NA,57532,10165407,2778371,1473984000
"435",2016-09-17,12.7,597259,NA,NA,46882,10212289,2778371,1474070400
"436",2016-09-18,12.43,598924,NA,NA,37893,10250182,2778371,1474156800
"437",2016-09-19,13.19,599907,NA,NA,40505,10290687,2778374,1474243200
"438",2016-09-20,14.43,602298,NA,NA,54067,10344754,2778374,1474329600
"439",2016-09-21,13.77,605237,NA,NA,44549,10389303,2778365,1474416000
"440",2016-09-22,13.25,606968,NA,NA,52657,10441960,2778367,1474502400
"441",2016-09-23,13.33,608507,NA,NA,35219,10477179,2778367,1474588800
"442",2016-09-24,12.88,610118,NA,NA,43418,10520597,2778367,1474675200
"443",2016-09-25,13.1,612211,NA,NA,38713,10559310,2778367,1474761600
"444",2016-09-26,12.82,613935,NA,NA,43514,10602824,2778458,1474848000
"445",2016-09-27,13.1,615620,NA,NA,46817,10649641,2778458,1474934400
"446",2016-09-28,13.27,615620,NA,NA,NA,10649641,2778349,1475020800
"447",2016-09-29,13.27,615620,NA,NA,NA,10649641,2778580,1475107200
"448",2016-09-30,13.22,622544,9,NA,35836,10768690,2778736,1475193600
"449",2016-10-01,13.17,624508,NA,NA,53076,10821766,2779165,1475280000
"450",2016-10-02,13.2,627061,NA,NA,51105,10872871,2779283,1475366400
"451",2016-10-03,13.45,629658,NA,NA,47672,10920543,2779291,1475452800
"452",2016-10-04,13.28,653826,NA,NA,56662,10977205,2779291,1475539200
"453",2016-10-05,13.04,656302,NA,NA,41719,11018924,2779292,1475625600
"454",2016-10-06,12.85,659011,NA,NA,36826,11055750,2902542,1475712000
"455",2016-10-07,12.67,661379,NA,NA,43708,11099458,2902542,1475798400
"456",2016-10-08,12.22,664537,NA,NA,37690,11137148,2902542,1475884800
"457",2016-10-09,12.05,667329,NA,NA,43940,11181088,2902542,1475971200
"458",2016-10-10,11.76,686320,NA,NA,44940,11226028,2902573,1476057600
"459",2016-10-11,11.79,692167,NA,NA,41053,11267081,2902573,1476144000
"460",2016-10-12,11.93,700440,NA,NA,30002,11297083,2902573,1476230400
"461",2016-10-13,11.96,716073,NA,NA,32244,11329327,2902564,1476316800
"462",2016-10-14,11.94,728429,NA,NA,42006,11371333,2979942,1476403200
"463",2016-10-15,11.98,731881,NA,NA,33662,11404995,2979944,1476489600
"464",2016-10-16,11.95,736985,NA,NA,34990,11439985,2979944,1476576000
"465",2016-10-17,12.01,741716,NA,NA,38136,11478121,2979998,1476662400
"466",2016-10-18,12.59,746368,NA,NA,51898,11530019,2980069,1476748800
"467",2016-10-19,12.02,747915,NA,NA,38497,11568516,2980182,1476835200
"468",2016-10-20,12.1,749504,NA,NA,43438,11611954,2980182,1476921600
"469",2016-10-21,12.18,751013,NA,NA,57780,11669734,2980559,1477008000
"470",2016-10-22,12.07,752751,NA,NA,37772,11707506,2980559,1477094400
"471",2016-10-23,12.04,754105,NA,NA,35364,11742870,2980559,1477180800
"472",2016-10-24,11.97,755748,NA,NA,52547,11795417,2980559,1477267200
"473",2016-10-25,11.41,758849,NA,NA,47610,11843027,2980559,1477353600
"474",2016-10-26,11.53,760844,NA,NA,45158,11888185,2980559,1477440000
"475",2016-10-27,11.5,762714,NA,NA,44353,11932538,2980559,1477526400
"476",2016-10-28,11.09,765038,NA,NA,41522,11974060,2971083,1477612800
"477",2016-10-29,10.44,766865,NA,NA,40011,12014071,2975581,1477699200
"478",2016-10-30,11.18,768687,NA,NA,39435,12053506,2975472,1477785600
"479",2016-10-31,11,770540,16,NA,45031,12098537,2975484,1477872000
"480",2016-11-01,10.77,772838,NA,NA,49025,12147562,2975600,1477958400
"481",2016-11-02,10.75,777832,NA,NA,43519,12191081,2975629,1478044800
"482",2016-11-03,10.8,779820,NA,NA,42346,12233427,2987069,1478131200
"483",2016-11-04,11.09,781449,NA,NA,32572,12265999,2987094,1478217600
"484",2016-11-05,11,782988,NA,NA,37690,12303689,2987094,1478304000
"485",2016-11-06,10.87,784678,NA,NA,34391,12338080,2987094,1478390400
"486",2016-11-07,10.81,786489,NA,NA,41941,12380021,2987153,1478476800
"487",2016-11-08,10.83,788550,NA,NA,41569,12421590,2987782,1478563200
"488",2016-11-09,10.66,791024,NA,NA,40517,12462107,3003701,1478649600
"489",2016-11-10,10.52,793001,NA,NA,40164,12502271,3003731,1478736000
"490",2016-11-11,10.29,795241,NA,NA,41070,12543341,3004112,1478822400
"491",2016-11-12,9.88,797064,NA,NA,40882,12584223,3004112,1478908800
"492",2016-11-13,10.1,799460,NA,NA,43673,12627896,3004117,1478995200
"493",2016-11-14,10.22,799460,NA,NA,NA,12627896,3090321,1479081600
"494",2016-11-15,10.22,799460,NA,NA,NA,12627896,3090325,1479168000
"495",2016-11-16,10.06,805304,NA,NA,41684,12758786,3090297,1479254400
"496",2016-11-17,9.99,807112,NA,NA,40738,12799524,3090297,1479340800
"497",2016-11-18,9.48,809162,NA,NA,43785,12843309,3090298,1479427200
"498",2016-11-19,9.66,810733,NA,NA,39289,12882598,3090298,1479513600
"499",2016-11-20,9.58,812403,NA,NA,42125,12924723,3090297,1479600000
"500",2016-11-21,9.62,814569,NA,NA,42735,12967458,3090297,1479686400
"501",2016-11-22,9.91,816176,NA,NA,53585,13021043,3090299,1479772800
"502",2016-11-23,9.84,817840,NA,NA,64289,13085332,3090281,1479859200
"503",2016-11-24,9.23,819485,NA,NA,36861,13122193,3091154,1479945600
"504",2016-11-25,9.4,840006,NA,NA,58075,13180268,3091167,1480032000
"505",2016-11-26,9.33,843172,NA,NA,40804,13221072,3091167,1480118400
"506",2016-11-27,9,845997,NA,NA,44449,13265521,3091167,1480204800
"507",2016-11-28,8.72,847709,NA,NA,48388,13313909,3091673,1480291200
"508",2016-11-29,8.17,849474,NA,NA,47036,13360945,3091679,1480377600
"509",2016-11-30,8.59,851332,18,NA,39178,13400123,3091673,1480464000
"510",2016-12-01,8.45,852988,NA,NA,37121,13437244,3091856,1480550400
"511",2016-12-02,7.76,856233,NA,NA,41642,13478886,3091856,1480636800
"512",2016-12-03,7.92,862630,NA,NA,41357,13520243,3091856,1480723200
"513",2016-12-04,7.44,868190,NA,NA,39643,13559886,3091856,1480809600
"514",2016-12-05,6.82,874903,NA,NA,41613,13601499,3091993,1480896000
"515",2016-12-06,7.87,877485,NA,NA,48200,13649699,3091692,1480982400
"516",2016-12-07,8.38,879373,NA,NA,41757,13691456,3091692,1481068800
"517",2016-12-08,8.23,881066,NA,NA,39587,13731043,3091696,1481155200
"518",2016-12-09,8.45,882875,NA,NA,41444,13772487,3091696,1481241600
"519",2016-12-10,8.13,886258,NA,NA,40564,13813051,3091972,1481328000
"520",2016-12-11,8.19,888937,NA,NA,39164,13852215,3091972,1481414400
"521",2016-12-12,8.52,890669,NA,NA,38741,13890956,3093498,1481500800
"522",2016-12-13,8.42,892266,NA,NA,44664,13935620,3093503,1481587200
"523",2016-12-14,8.27,895504,NA,NA,47294,13982914,3093694,1481673600
"524",2016-12-15,7.83,899270,NA,NA,46102,14029016,3093692,1481760000
"525",2016-12-16,7.86,901155,NA,NA,43953,14072969,3093692,1481846400
"526",2016-12-17,7.88,904251,NA,NA,39442,14112411,3093692,1481932800
"527",2016-12-18,7.87,906316,NA,NA,36640,14149051,3093692,1482019200
"528",2016-12-19,7.64,908427,NA,NA,45599,14194650,3093919,1482105600
"529",2016-12-20,7.66,910765,NA,NA,44241,14238891,3093958,1482192000
"530",2016-12-21,7.91,912667,NA,NA,50793,14289684,3093983,1482278400
"531",2016-12-22,7.58,921440,NA,NA,55173,14344857,3094024,1482364800
"532",2016-12-23,7.17,925590,NA,NA,44391,14389248,3093674,1482451200
"533",2016-12-24,7.27,927358,NA,NA,37757,14427005,3093674,1482537600
"534",2016-12-25,7.18,928670,NA,NA,36601,14463606,3093674,1482624000
"535",2016-12-26,7.27,930087,NA,NA,34565,14498171,3093674,1482710400
"536",2016-12-27,7.17,931796,NA,NA,42370,14540541,3093674,1482796800
"537",2016-12-28,7.52,933815,NA,NA,43386,14583927,3093674,1482883200
"538",2016-12-29,8.28,936427,NA,NA,46546,14630473,3093674,1482969600
"539",2016-12-30,8.16,938850,NA,NA,44561,14675034,3093674,1483056000
"540",2016-12-31,7.97,941811,12,NA,41220,14716254,3093674,1483142400
"541",2017-01-01,8.17,943417,NA,0,38730,14754984,3093674,1483228800
"542",2017-01-02,8.38,945665,NA,0,39652,14794636,3093700,1483315200
"543",2017-01-03,9.73,948326,NA,0,45883,14840519,3093700,1483401600
"544",2017-01-04,11.25,951853,NA,0,50673,14891192,3093701,1483488000
"545",2017-01-05,10.25,955172,NA,1,49596,14940788,3093610,1483574400
"546",2017-01-06,10.25,958484,NA,1,43804,14984592,3093316,1483660800
"547",2017-01-07,9.87,961114,NA,0,43622,15028214,3093316,1483747200
"548",2017-01-08,10.29,963314,NA,0,42727,15070941,3091733,1483833600
"549",2017-01-09,10.33,965736,NA,0,46188,15117129,3091991,1483920000
"550",2017-01-10,10.55,968054,NA,0,48179,15165308,3091991,1484006400
"551",2017-01-11,9.72,970329,NA,1,45221,15210529,3104987,1484092800
"552",2017-01-12,9.86,973959,NA,1,50589,15261118,3111618,1484179200
"553",2017-01-13,9.77,977582,NA,0,50833,15311951,3111649,1484265600
"554",2017-01-14,9.65,981025,NA,0,42044,15353995,3111649,1484352000
"555",2017-01-15,9.9,983455,NA,0,41748,15395743,3111649,1484438400
"556",2017-01-16,9.64,985864,NA,0,45375,15441118,3111640,1484524800
"557",2017-01-17,10.3,988571,NA,0,46671,15487789,3111756,1484611200
"558",2017-01-18,10.23,991171,NA,0,44994,15532783,3111733,1484697600
"559",2017-01-19,10.4,993689,NA,0,43628,15576411,3111733,1484784000
"560",2017-01-20,10.6,996812,NA,0,45775,15622186,3111952,1484870400
"561",2017-01-21,10.91,999192,NA,0,43302,15665488,3111952,1484956800
"562",2017-01-22,10.7,1001830,NA,0,47432,15712920,3111968,1485043200
"563",2017-01-23,10.82,1004532,NA,2,46076,15758996,3111972,1485129600
"564",2017-01-24,10.63,1006944,NA,1,50414,15809410,3111968,1485216000
"565",2017-01-25,10.57,1009369,NA,0,46256,15855666,3111855,1485302400
"566",2017-01-26,10.59,1012519,NA,0,46856,15902522,3111897,1485388800
"567",2017-01-27,10.54,1014907,NA,0,46680,15949202,3111897,1485475200
"568",2017-01-28,10.56,1017588,NA,1,45189,15994391,3111897,1485561600
"569",2017-01-29,10.48,1019716,NA,0,42509,16036900,3111897,1485648000
"570",2017-01-30,10.57,1022347,NA,0,45369,16082269,3112071,1485734400
"571",2017-01-31,10.73,1024108,19,0,43649,16125918,3112810,1485820800
"572",2017-02-01,10.73,1026094,NA,0,44541,16170459,3112797,1485907200
"573",2017-02-02,10.82,1028070,NA,1,43709,16214168,3113056,1485993600
"574",2017-02-03,11.11,1029880,NA,1,42778,16256946,3114265,1486080000
"575",2017-02-04,11.43,1032097,NA,1,45410,16302356,3114265,1486166400
"576",2017-02-05,11.35,1033882,NA,1,46542,16348898,3114265,1486252800
"577",2017-02-06,11.39,1035599,NA,0,47306,16396204,3114265,1486339200
"578",2017-02-07,11.52,1037811,NA,0,51866,16448070,3114265,1486425600
"579",2017-02-08,11.43,1040358,NA,0,51089,16499159,3114286,1486512000
"580",2017-02-09,11.03,1042268,NA,1,47873,16547032,3114286,1486598400
"581",2017-02-10,11.28,1044332,NA,1,52222,16599254,3114288,1486684800
"582",2017-02-11,11.35,1046267,NA,0,46560,16645814,3114288,1486771200
"583",2017-02-12,11.4,1048901,NA,1,45319,16691133,3114313,1486857600
"584",2017-02-13,11.27,1051104,NA,0,55990,16747123,3150223,1486944000
"585",2017-02-14,13.03,1053923,NA,1,58298,16805421,3150291,1487030400
"586",2017-02-15,12.92,1056702,NA,1,55320,16860741,3150290,1487116800
"587",2017-02-16,12.9,1058825,NA,1,49674,16910415,3147357,1487203200
"588",2017-02-17,12.68,1060926,NA,0,49406,16959821,3147363,1487289600
"589",2017-02-18,12.81,1063883,NA,2,49398,17009219,3151068,1487376000
"590",2017-02-19,12.76,1065920,NA,1,48227,17057446,3154889,1487462400
"591",2017-02-20,12.43,1068400,NA,0,50152,17107598,3155045,1487548800
"592",2017-02-21,12.67,1071424,NA,0,58434,17166032,3155065,1487635200
"593",2017-02-22,12.6,1073757,NA,1,50372,17216404,3155300,1487721600
"594",2017-02-23,13.12,1076071,NA,1,47601,17264005,3155551,1487808000
"595",2017-02-24,13.07,1078758,NA,0,54081,17318086,3155551,1487894400
"596",2017-02-25,13.55,1081093,NA,0,53245,17371331,3155551,1487980800
"597",2017-02-26,14.52,1083604,NA,0,51716,17423047,3154357,1488067200
"598",2017-02-27,15.4,1086792,NA,0,52642,17475689,3154489,1488153600
"599",2017-02-28,15.82,1091303,15,0,60277,17535966,3154512,1488240000
"600",2017-03-01,17.35,1098329,NA,0,59774,17595740,3154980,1488326400
"601",2017-03-02,19.03,1104821,NA,1,70779,17666519,3155172,1488412800
"602",2017-03-03,19.46,1111646,NA,0,64294,17730813,3155178,1488499200
"603",2017-03-04,18.62,1115958,NA,0,58756,17789569,3155178,1488585600
"604",2017-03-05,19.3,1120047,NA,0,57031,17846600,3157266,1488672000
"605",2017-03-06,19.61,1124705,NA,0,57020,17903620,3157521,1488758400
"606",2017-03-07,18.89,1128534,NA,0,62589,17966209,3157520,1488844800
"607",2017-03-08,16.65,1132810,NA,1,55386,18021595,3155143,1488931200
"608",2017-03-09,17.75,1139420,NA,1,64266,18085861,3157531,1489017600
"609",2017-03-10,19.33,1145555,NA,0,65132,18150993,3157531,1489104000
"610",2017-03-11,21.47,1151496,NA,0,64803,18215796,3157531,1489190400
"611",2017-03-12,23.44,1158864,NA,0,66646,18282442,3157531,1489276800
"612",2017-03-13,28.59,1170758,NA,1,81718,18364160,3157531,1489363200
"613",2017-03-14,28.65,1180408,NA,0,77155,18441315,3157510,1489449600
"614",2017-03-15,35.06,1190919,NA,0,81205,18522520,3157510,1489536000
"615",2017-03-16,46.35,1208579,NA,1,109950,18632470,3157468,1489622400
"616",2017-03-17,46.83,1224321,NA,0,106635,18739105,3157468,1489708800
"617",2017-03-18,34.16,1236276,NA,1,89920,18829025,3157468,1489795200
"618",2017-03-19,44.74,1244923,NA,0,84599,18913624,3157468,1489881600
"619",2017-03-20,43.39,1254137,NA,0,80264,18993888,3157486,1489968000
"620",2017-03-21,43.15,1264243,NA,1,84298,19078186,3157486,1490054400
"621",2017-03-22,42.34,1272509,NA,0,78821,19157007,3158281,1490140800
"622",2017-03-23,43.68,1280501,NA,0,82434,19239441,3165209,1490227200
"623",2017-03-24,53.11,1291931,NA,0,87775,19327216,3165248,1490313600
"624",2017-03-25,51.25,1301464,NA,1,84394,19411610,3165248,1490400000
"625",2017-03-26,50.52,1308803,NA,1,79534,19491144,3165248,1490486400
"626",2017-03-27,49.67,1320623,NA,1,94570,19585714,3165248,1490572800
"627",2017-03-28,50.77,1329617,NA,1,84348,19670062,3165284,1490659200
"628",2017-03-29,53.13,1338529,NA,0,93064,19763126,3165286,1490745600
"629",2017-03-30,52.21,1352837,NA,0,96209,19859335,3165286,1490832000
"630",2017-03-31,50.04,1367188,13,1,103102,19962437,3165242,1490918400
"631",2017-04-01,50.7,1374894,NA,0,80572,20043009,3165242,1491004800
"632",2017-04-02,48.75,1385185,NA,1,88948,20131957,3165242,1491091200
"633",2017-04-03,44.36,1398126,NA,3,100221,20232178,3165242,1491177600
"634",2017-04-04,44.64,1408346,NA,0,86279,20318457,3165863,1491264000
"635",2017-04-05,45.3,1418641,NA,0,87411,20405868,3165889,1491350400
"636",2017-04-06,43.24,1432417,NA,0,95177,20501045,3173509,1491436800
"637",2017-04-07,42.16,1440597,NA,1,92846,20593891,3173259,1491523200
"638",2017-04-08,44.31,1447313,NA,0,72144,20666035,3173278,1491609600
"639",2017-04-09,43.27,1453300,NA,0,74557,20740592,3173926,1491696000
"640",2017-04-10,43.44,1460327,NA,0,75487,20816079,3196601,1491782400
"641",2017-04-11,43.41,1466464,NA,1,75891,20891970,3196601,1491868800
"642",2017-04-12,46.29,1476683,NA,0,80347,20972317,3204039,1491955200
"643",2017-04-13,50.22,1485120,NA,0,84124,21056441,3204177,1492041600
"644",2017-04-14,47.57,1492214,NA,0,81155,21137596,3204362,1492128000
"645",2017-04-15,49.1,1498803,NA,0,74820,21212416,3204362,1492214400
"646",2017-04-16,48.72,1503386,NA,0,70634,21283050,3204362,1492300800
"647",2017-04-17,48.3,1509763,NA,0,72546,21355596,3204362,1492387200
"648",2017-04-18,50.71,1518090,NA,0,83303,21438899,3204409,1492473600
"649",2017-04-19,48.31,1526805,NA,1,85734,21524633,3204409,1492560000
"650",2017-04-20,49.67,1536829,NA,0,85450,21610083,3204503,1492646400
"651",2017-04-21,48.22,1548026,NA,1,81278,21691361,3204503,1492732800
"652",2017-04-22,48.55,1555797,NA,1,73539,21764900,3204503,1492819200
"653",2017-04-23,48.49,1562427,NA,0,77073,21841973,3204503,1492905600
"654",2017-04-24,50.03,1572073,NA,1,80531,21922504,3204492,1492992000
"655",2017-04-25,49.89,1580035,NA,1,93033,22015537,3204667,1493078400
"656",2017-04-26,52.72,1596565,NA,0,89642,22105179,3204778,1493164800
"657",2017-04-27,62.17,1612349,NA,0,104494,22209673,3204778,1493251200
"658",2017-04-28,70.16,1624667,NA,0,106193,22315866,3204878,1493337600
"659",2017-04-29,68.38,1635440,NA,1,91335,22407201,3204878,1493424000
"660",2017-04-30,79.02,1647543,16,0,95202,22502403,3204878,1493510400
"661",2017-05-01,76.3,1663543,NA,0,112202,22614605,3204878,1493596800
"662",2017-05-02,77.26,1678680,NA,1,110354,22724959,3204915,1493683200
"663",2017-05-03,79.72,1690254,NA,0,97334,22822293,3205509,1493769600
"664",2017-05-04,96.98,1708629,NA,2,114877,22937170,3205682,1493856000
"665",2017-05-05,94.4,1724130,NA,0,108514,23045684,3206001,1493942400
"666",2017-05-06,97.81,1739516,NA,0,95014,23140698,3206001,1494028800
"667",2017-05-07,94.01,1758488,NA,0,106631,23247329,3206001,1494115200
"668",2017-05-08,91.42,1777158,NA,0,117509,23364838,3206408,1494201600
"669",2017-05-09,91.16,1797526,NA,3,112933,23477771,3206407,1494288000
"670",2017-05-10,89.52,1817872,NA,0,109673,23587444,3206431,1494374400
"671",2017-05-11,89.88,1837631,NA,0,117189,23704633,3206587,1494460800
"672",2017-05-12,88.66,1853657,NA,2,107241,23811874,3206630,1494547200
"673",2017-05-13,90.84,1867571,NA,1,101332,23913206,3206828,1494633600
"674",2017-05-14,90.79,1881351,NA,2,101348,24014554,3206828,1494720000
"675",2017-05-15,92.41,1899209,NA,0,122792,24137346,3206828,1494806400
"676",2017-05-16,89.44,1919681,NA,1,116341,24253687,3207357,1494892800
"677",2017-05-17,89.86,1942480,NA,1,140135,24393822,3207357,1494979200
"678",2017-05-18,96.91,1964727,NA,1,137409,24531231,3207357,1495065600
"679",2017-05-19,129.53,1993428,NA,1,161568,24692799,3207380,1495152000
"680",2017-05-20,126.52,2017264,NA,0,130912,24823711,3207380,1495238400
"681",2017-05-21,157.94,2041878,NA,3,149699,24973410,3207380,1495324800
"682",2017-05-22,174.26,2074888,NA,0,176255,25149665,3207424,1495411200
"683",2017-05-23,181.95,2119587,NA,1,187121,25336786,3207489,1495497600
"684",2017-05-24,190.05,2162097,NA,0,187293,25524079,3210266,1495584000
"685",2017-05-25,174.45,2201139,NA,0,183010,25707089,3210325,1495670400
"686",2017-05-26,160.4,2235403,NA,1,169818,25876907,3210326,1495756800
"687",2017-05-27,157.76,2262189,NA,3,149450,26026357,3210326,1495843200
"688",2017-05-28,170.51,2288310,NA,1,155271,26181628,3210326,1495929600
"689",2017-05-29,194.91,2316858,NA,1,158547,26340175,3210482,1496016000
"690",2017-05-30,231.91,2360680,NA,2,193618,26533793,3210587,1496102400
"691",2017-05-31,230.67,2406002,18,4,214126,26747919,3210587,1496188800
"692",2017-06-01,222.24,2445012,NA,0,199160,26947079,3211354,1496275200
"693",2017-06-02,223.78,2486438,NA,0,194911,27141990,3211354,1496361600
"694",2017-06-03,224.38,2521601,NA,0,175666,27317656,3211354,1496448000
"695",2017-06-04,245.33,2557692,NA,1,180136,27497792,3211354,1496534400
"696",2017-06-05,248.46,2595526,NA,1,190305,27688097,3211354,1496620800
"697",2017-06-06,264.47,2638490,NA,1,200523,27888620,3211361,1496707200
"698",2017-06-07,258.07,2682778,NA,0,207180,28095800,3211621,1496793600
"699",2017-06-08,261.67,2720240,NA,2,187700,28283500,3211621,1496880000
"700",2017-06-09,281.74,2760852,NA,2,215831,28499331,3211621,1496966400
"701",2017-06-10,337.67,2804195,NA,3,213356,28712687,3211621,1497052800
"702",2017-06-11,340.61,2859713,NA,2,240490,28953177,3211621,1497139200
"703",2017-06-12,401.49,2919025,NA,1,292941,29246118,3211621,1497225600
"704",2017-06-13,397.54,2978427,NA,2,280054,29526172,3211684,1497312000
"705",2017-06-14,359.05,3031828,NA,1,250410,29776582,3211684,1497398400
"706",2017-06-15,361.93,3084273,NA,2,261617,30038199,3211681,1497484800
"707",2017-06-16,370.23,3132387,NA,1,248003,30286202,3211681,1497571200
"708",2017-06-17,379.41,3178828,NA,0,242022,30528224,3211681,1497657600
"709",2017-06-18,371.46,3231660,NA,1,245957,30774181,3211681,1497744000
"710",2017-06-19,370.06,3292231,NA,6,286209,31060390,3211681,1497830400
"711",2017-06-20,359,3354447,NA,0,308488,31368878,3211797,1497916800
"712",2017-06-21,336.87,3386889,NA,3,221289,31590167,3212773,1498003200
"713",2017-06-22,336.37,3442987,NA,0,284225,31874392,3213224,1498089600
"714",2017-06-23,341.74,3499011,NA,2,276012,32150404,3213247,1498176000
"715",2017-06-24,323.7,3549828,NA,1,250570,32400974,3213247,1498262400
"716",2017-06-25,303.25,3593921,NA,1,231135,32632109,3213247,1498348800
"717",2017-06-26,272.69,3646944,NA,0,316788,32948897,3213683,1498435200
"718",2017-06-27,293.09,3688934,NA,0,252995,33201892,3214127,1498521600
"719",2017-06-28,327.93,3739249,NA,1,274241,33476133,3213515,1498608000
"720",2017-06-29,302.88,3787958,NA,1,263791,33739924,3213606,1498694400
"721",2017-06-30,294.92,3835524,22,2,252652,33992576,3213605,1498780800
"722",2017-07-01,274.6,3871530,NA,1,240465,34233041,3213605,1498867200
"723",2017-07-02,287.99,3905337,NA,0,248617,34481658,3213605,1498953600
"724",2017-07-03,282.9,3960081,NA,1,302032,34783690,3213605,1499040000
"725",2017-07-04,273.3,4010868,NA,1,281465,35065155,3213555,1499126400
"726",2017-07-05,268.77,4053898,NA,2,271606,35336761,3213555,1499212800
"727",2017-07-06,270.55,4089182,NA,0,258791,35595552,3213567,1499299200
"728",2017-07-07,245.99,4131556,NA,2,295389,35890941,3213567,1499385600
"729",2017-07-08,251.7,4169731,NA,3,248142,36139083,3213567,1499472000
"730",2017-07-09,242.14,4199674,NA,0,225189,36364272,3213567,1499558400
"731",2017-07-10,215.36,4236883,NA,2,302633,36666905,3213672,1499644800
"732",2017-07-11,197.4,4279139,NA,2,291677,36958582,3213653,1499731200
"733",2017-07-12,230.77,4320310,NA,2,283828,37242410,3213653,1499817600
"734",2017-07-13,209.73,4368629,NA,0,260745,37503155,3213653,1499904000
"735",2017-07-14,199.66,4400742,NA,2,249381,37752536,709823,1499990400
"736",2017-07-15,170.66,4428324,NA,1,231961,37984497,709823,1500076800
"737",2017-07-16,157.36,4460257,NA,0,249138,38233635,709823,1500163200
"738",2017-07-17,193.42,4498727,NA,0,248473,38482108,709616,1500249600
"739",2017-07-18,234.39,4548962,NA,1,271055,38753163,709616,1500336000
"740",2017-07-19,199.7,4584881,NA,0,270122,39023285,709609,1500422400
"741",2017-07-20,227.26,4626800,NA,1,250065,39273350,709609,1500508800
"742",2017-07-21,218.31,4665313,NA,2,232560,39505910,709609,1500595200
"743",2017-07-22,229.48,4692029,NA,2,205574,39711484,709609,1500681600
"744",2017-07-23,225.95,4728803,NA,0,260490,39971974,709609,1500768000
"745",2017-07-24,224.71,4766918,NA,2,263095,40235069,709609,1500854400
"746",2017-07-25,206.71,4807986,NA,2,242956,40478025,709677,1500940800
"747",2017-07-26,203.95,4842532,NA,1,223010,40701035,709677,1501027200
"748",2017-07-27,204.32,4872429,NA,1,225435,40926470,709677,1501113600
"749",2017-07-28,193.12,4903853,NA,0,246494,41172964,710009,1501200000
"750",2017-07-29,205.79,4930947,NA,0,198773,41371737,710009,1501286400
"751",2017-07-30,197.98,4974090,NA,1,206624,41578361,710009,1501372800
"752",2017-07-31,203.87,5010515,20,3,250090,41828451,710324,1501459200
"753",2017-08-01,226.77,5049868,NA,1,218582,42047033,710336,1501545600
"754",2017-08-02,219.95,5088235,NA,1,231068,42278101,710336,1501632000
"755",2017-08-03,225.34,5129817,NA,2,236335,42514436,710347,1501718400
"756",2017-08-04,223.07,5169164,NA,1,257160,42771596,710347,1501804800
"757",2017-08-05,256.51,5207095,NA,2,261400,43032996,710347,1501891200
"758",2017-08-06,261.57,5250459,NA,2,265127,43298123,710347,1501977600
"759",2017-08-07,269.18,5302339,NA,0,281172,43579295,710381,1502064000
"760",2017-08-08,296.77,5357059,NA,2,318866,43898161,710427,1502150400
"761",2017-08-09,296.03,5409615,NA,0,280308,44178469,710427,1502236800
"762",2017-08-10,295.89,5469308,NA,1,338241,44516710,710427,1502323200
"763",2017-08-11,308.86,5529892,NA,0,356682,44873392,710309,1502409600
"764",2017-08-12,310.6,5585573,NA,2,338654,45212046,710309,1502496000
"765",2017-08-13,298.06,5647075,NA,0,333011,45545057,710309,1502582400
"766",2017-08-14,300.1,5725888,NA,0,410061,45955118,726814,1502668800
"767",2017-08-15,289.82,5810917,NA,6,413246,46368364,727320,1502755200
"768",2017-08-16,302.27,5866922,NA,0,413624,46781988,727551,1502841600
"769",2017-08-17,301.46,5934207,NA,6,428007,47209995,727616,1502928000
"770",2017-08-18,295.59,6004737,NA,0,443356,47653351,728084,1503014400
"771",2017-08-19,297.47,6067912,NA,2,377418,48030769,728084,1503100800
"772",2017-08-20,301.43,6127189,NA,0,309926,48340695,728084,1503187200
"773",2017-08-21,321.59,6186106,NA,0,392880,48733575,728132,1503273600
"774",2017-08-22,314.79,6252808,NA,2,364727,49098302,728132,1503360000
"775",2017-08-23,317.52,6322823,NA,1,374711,49473013,728703,1503446400
"776",2017-08-24,325.61,6375451,NA,1,352465,49825478,728718,1503532800
"777",2017-08-25,331.92,6425907,NA,5,352621,50178099,728676,1503619200
"778",2017-08-26,333.88,6471420,NA,1,306268,50484367,728676,1503705600
"779",2017-08-27,347.89,6521068,NA,2,324173,50808540,728676,1503792000
"780",2017-08-28,347.75,6574380,NA,3,363799,51172339,728691,1503878400
"781",2017-08-29,370.67,6636587,NA,1,394649,51566988,728691,1503964800
"782",2017-08-30,378.49,6703644,NA,1,400220,51967208,728691,1504051200
"783",2017-08-31,383.04,6771516,24,4,384421,52351629,728691,1504137600
"784",2017-09-01,387.74,6837885,NA,4,390997,52742626,728691,1504224000
"785",2017-09-02,348.98,6892287,NA,4,331797,53074423,728691,1504310400
"786",2017-09-03,347.48,6941689,NA,2,302525,53376948,728691,1504396800
"787",2017-09-04,295.17,7004719,NA,2,442592,53819540,728753,1504483200
"788",2017-09-05,312.99,7067974,NA,1,444572,54264112,730004,1504569600
"789",2017-09-06,334.34,7136790,NA,1,496376,54760488,731444,1504656000
"790",2017-09-07,329.43,7201288,NA,2,448347,55208835,731445,1504742400
"791",2017-09-08,296.5,7267913,NA,1,463670,55672505,732014,1504828800
"792",2017-09-09,294.4,7329084,NA,1,383654,56056159,731981,1504915200
"793",2017-09-10,288.75,7379849,NA,0,325128,56381287,731981,1505001600
"794",2017-09-11,294.53,7444820,NA,0,365384,56746671,731989,1505088000
"795",2017-09-12,291.46,7508515,NA,0,404898,57151569,732027,1505174400
"796",2017-09-13,277.11,7563718,NA,1,365679,57517248,732029,1505260800
"797",2017-09-14,213.91,7618435,NA,1,380251,57897499,732043,1505347200
"798",2017-09-15,250.46,7679736,NA,2,441767,58339266,732060,1505433600
"799",2017-09-16,246.52,7729925,NA,0,373764,58713030,732060,1505520000
"800",2017-09-17,251.75,7772453,NA,1,289517,59002547,732060,1505606400
"801",2017-09-18,293.5,7822945,NA,1,362764,59365311,732060,1505692800
"802",2017-09-19,282.8,7878304,NA,2,337752,59703063,732061,1505779200
"803",2017-09-20,283.74,7943832,NA,0,324984,60028047,732059,1505865600
"804",2017-09-21,258.58,8006858,NA,1,317074,60345121,732834,1505952000
"805",2017-09-22,264.31,8042491,NA,0,271470,60616591,732850,1506038400
"806",2017-09-23,286.17,8078626,NA,0,260107,60876698,732850,1506124800
"807",2017-09-24,282.48,8112522,NA,3,280929,61157627,732850,1506211200
"808",2017-09-25,292.33,8153119,NA,1,306614,61464241,739304,1506297600
"809",2017-09-26,287.44,8211953,NA,0,306075,61770316,739335,1506384000
"810",2017-09-27,306.47,8269803,NA,0,309047,62079363,739581,1506470400
"811",2017-09-28,299.15,8323753,NA,1,329208,62408571,739581,1506556800
"812",2017-09-29,291.47,8364828,NA,4,326502,62735073,739581,1506643200
"813",2017-09-30,301.46,8406110,24,2,295798,63030871,739581,1506729600
"814",2017-10-01,302.34,8439924,NA,0,283871,63314742,739636,1506816000
"815",2017-10-02,297.48,8487975,NA,1,306095,63620837,739661,1506902400
"816",2017-10-03,292.46,8537491,NA,1,327906,63948743,739665,1506988800
"817",2017-10-04,292.66,8583378,NA,0,307399,64256142,739665,1507075200
"818",2017-10-05,295.86,8622252,NA,3,314808,64570950,739790,1507161600
"819",2017-10-06,308.59,8660904,NA,1,319882,64890832,740063,1507248000
"820",2017-10-07,311.12,8696647,NA,2,291091,65181923,740063,1507334400
"821",2017-10-08,308.61,8738451,NA,0,296829,65478752,740063,1507420800
"822",2017-10-09,297.39,8791812,NA,0,328172,65806924,737946,1507507200
"823",2017-10-10,299.87,8837358,NA,3,349605,66156529,737963,1507593600
"824",2017-10-11,303.46,8880536,NA,2,344305,66500834,738198,1507680000
"825",2017-10-12,304.14,8930073,NA,0,363411,66864245,738220,1507766400
"826",2017-10-13,338.76,8982527,NA,0,379136,67243381,738242,1507852800
"827",2017-10-14,339.63,9026250,NA,1,332169,67575550,738239,1507939200
"828",2017-10-15,336.6,9075349,NA,1,328921,67904471,738239,1508025600
"829",2017-10-16,333.38,9135201,NA,2,408297,68312768,738239,1508112000
"830",2017-10-17,317.08,9195945,NA,3,505611,68818379,738618,1508198400
"831",2017-10-18,314.32,9250984,NA,1,470449,69288828,738618,1508284800
"832",2017-10-19,308.09,9320260,NA,1,494184,69783012,738618,1508371200
"833",2017-10-20,304.01,9391327,NA,2,546837,70329849,738826,1508457600
"834",2017-10-21,300.19,9450402,NA,0,462902,70792751,738826,1508544000
"835",2017-10-22,295.45,9508412,NA,0,435493,71228244,738826,1508630400
"836",2017-10-23,286.95,9581597,NA,2,468168,71696412,738826,1508716800
"837",2017-10-24,298.33,9668925,NA,7,492288,72188700,740453,1508803200
"838",2017-10-25,297.93,9742825,NA,1,460419,72649119,740425,1508889600
"839",2017-10-26,296.53,9815741,NA,0,466406,73115525,740425,1508976000
"840",2017-10-27,297.42,9877222,NA,1,486147,73601672,740428,1509062400
"841",2017-10-28,296.3,9919259,NA,0,484554,74086226,740428,1509148800
"842",2017-10-29,305.09,9962016,NA,4,494176,74580402,740428,1509235200
"843",2017-10-30,307.75,10016332,NA,2,532626,75113028,740431,1509321600
"844",2017-10-31,305.88,10090762,20,1,519906,75632934,740431,1509408000
"845",2017-11-01,291.69,10170977,NA,3,527783,76160717,740431,1509494400
"846",2017-11-02,287.43,10265149,NA,4,529277,76689994,740431,1509580800
"847",2017-11-03,305.71,10334844,NA,3,485790,77175784,746020,1509667200
"848",2017-11-04,300.47,10389337,NA,1,398758,77574542,746020,1509753600
"849",2017-11-05,296.26,10440241,NA,1,417102,77991644,746020,1509840000
"850",2017-11-06,298.89,10503649,NA,3,511663,78503307,746020,1509926400
"851",2017-11-07,294.66,10557839,NA,0,470418,78973725,746020,1510012800
"852",2017-11-08,309.07,10557839,NA,0,NA,78973725,746017,1510099200
"853",2017-11-09,320.88,10557839,NA,0,NA,78973725,746037,1510185600
"854",2017-11-10,299.25,10557839,NA,1,NA,78973725,746039,1510272000
"855",2017-11-11,314.68,10557839,NA,2,NA,78973725,746039,1510358400
"856",2017-11-12,307.91,10557839,NA,1,NA,78973725,769613,1510444800
"857",2017-11-13,316.72,10557839,NA,1,NA,78973725,774727,1510531200
"858",2017-11-14,337.63,10557839,NA,1,NA,78973725,776259,1510617600
"859",2017-11-15,333.36,10557839,NA,1,NA,78973725,776364,1510704000
"860",2017-11-16,330.92,10557839,NA,1,NA,78973725,776367,1510790400
"861",2017-11-17,332.39,10557839,NA,2,NA,78973725,776395,1510876800
"862",2017-11-18,347.61,10557839,NA,4,NA,78973725,776395,1510963200
"863",2017-11-19,354.39,10557839,NA,2,NA,78973725,776395,1511049600
"864",2017-11-20,366.73,10557839,NA,1,NA,78973725,776564,1511136000
"865",2017-11-21,360.4,10557839,NA,3,NA,78973725,776566,1511222400
"866",2017-11-22,380.65,10557839,NA,1,NA,78973725,776566,1511308800
"867",2017-11-23,410.17,10557839,NA,0,NA,78973725,776566,1511395200
"868",2017-11-24,474.91,10557839,NA,1,NA,78973725,778127,1511481600
"869",2017-11-25,466.28,10557839,NA,2,NA,78973725,778127,1511568000
"870",2017-11-26,471.33,10557839,NA,1,NA,78973725,778127,1511654400
"871",2017-11-27,480.36,10557839,NA,2,NA,78973725,778183,1511740800
"872",2017-11-28,472.9,10557839,NA,0,NA,78973725,778190,1511827200
"873",2017-11-29,427.52,10557839,NA,1,NA,78973725,778154,1511913600
"874",2017-11-30,447.11,10557839,30,4,NA,78973725,778164,1512000000
"875",2017-12-01,466.54,10557839,NA,2,NA,78973725,778303,1512086400
"876",2017-12-02,463.45,10557839,NA,0,NA,78973725,778303,1512172800
"877",2017-12-03,465.85,10557839,NA,2,NA,78973725,778303,1512259200
"878",2017-12-04,470.2,10557839,NA,0,NA,78973725,778340,1512345600
"879",2017-12-05,463.28,10557839,NA,2,NA,78973725,778348,1512432000
"880",2017-12-06,428.59,10557839,NA,0,NA,78973725,778452,1512518400
"881",2017-12-07,434.41,10557839,NA,1,NA,78973725,778452,1512604800
"882",2017-12-08,456.03,10557839,NA,2,NA,78973725,778563,1512691200
"883",2017-12-09,473.5,10557839,NA,2,NA,78973725,778550,1512777600
"884",2017-12-10,441.72,10557839,NA,1,NA,78973725,778550,1512864000
"885",2017-12-11,515.14,10557839,NA,1,NA,78973725,779346,1512950400
"886",2017-12-12,651.43,10557839,NA,3,NA,78973725,779814,1513036800
"887",2017-12-13,702.77,10557839,NA,3,NA,78973725,779814,1513123200
"888",2017-12-14,695.82,10557839,NA,0,NA,78973725,779818,1513209600
"889",2017-12-15,695.82,10557839,NA,0,NA,78973725,779818,1513296000
"890",2017-12-31,695.82,10557839,20,NA,NA,78973725,779818,1514678400
