"","Unix","Date","Btc.Exchange.Rate","Xrp.Exchange.Rate","Eth.Exchange.Rate"
"1",1367107200,2013-04-28,134.21,NA,NA
"2",1367193600,2013-04-29,144.54,NA,NA
"3",1367280000,2013-04-30,139,NA,NA
"4",1367366400,2013-05-01,116.99,NA,NA
"5",1367452800,2013-05-02,105.21,NA,NA
"6",1367539200,2013-05-03,97.75,NA,NA
"7",1367625600,2013-05-04,112.5,NA,NA
"8",1367712000,2013-05-05,115.91,NA,NA
"9",1367798400,2013-05-06,112.3,NA,NA
"10",1367884800,2013-05-07,111.5,NA,NA
"11",1367971200,2013-05-08,113.57,NA,NA
"12",1368057600,2013-05-09,112.67,NA,NA
"13",1368144000,2013-05-10,117.2,NA,NA
"14",1368230400,2013-05-11,115.24,NA,NA
"15",1368316800,2013-05-12,115,NA,NA
"16",1368403200,2013-05-13,117.98,NA,NA
"17",1368489600,2013-05-14,111.5,NA,NA
"18",1368576000,2013-05-15,114.22,NA,NA
"19",1368662400,2013-05-16,118.76,NA,NA
"20",1368748800,2013-05-17,123.02,NA,NA
"21",1368835200,2013-05-18,123.5,NA,NA
"22",1368921600,2013-05-19,121.99,NA,NA
"23",1369008000,2013-05-20,122,NA,NA
"24",1369094400,2013-05-21,122.88,NA,NA
"25",1369180800,2013-05-22,123.89,NA,NA
"26",1369267200,2013-05-23,126.7,NA,NA
"27",1369353600,2013-05-24,133.2,NA,NA
"28",1369440000,2013-05-25,131.98,NA,NA
"29",1369526400,2013-05-26,133.48,NA,NA
"30",1369612800,2013-05-27,129.75,NA,NA
"31",1369699200,2013-05-28,129,NA,NA
"32",1369785600,2013-05-29,132.3,NA,NA
"33",1369872000,2013-05-30,128.8,NA,NA
"34",1369958400,2013-05-31,129,NA,NA
"35",1370044800,2013-06-01,129.3,NA,NA
"36",1370131200,2013-06-02,122.29,NA,NA
"37",1370217600,2013-06-03,122.22,NA,NA
"38",1370304000,2013-06-04,121.42,NA,NA
"39",1370390400,2013-06-05,121.65,NA,NA
"40",1370476800,2013-06-06,118,NA,NA
"41",1370563200,2013-06-07,111.5,NA,NA
"42",1370649600,2013-06-08,108.3,NA,NA
"43",1370736000,2013-06-09,100,NA,NA
"44",1370822400,2013-06-10,106.35,NA,NA
"45",1370908800,2013-06-11,108.9,NA,NA
"46",1370995200,2013-06-12,108.15,NA,NA
"47",1371081600,2013-06-13,104,NA,NA
"48",1371168000,2013-06-14,99.98,NA,NA
"49",1371254400,2013-06-15,99.99,NA,NA
"50",1371340800,2013-06-16,99.51,NA,NA
"51",1371427200,2013-06-17,101.7,NA,NA
"52",1371513600,2013-06-18,107.4,NA,NA
"53",1371600000,2013-06-19,108.25,NA,NA
"54",1371686400,2013-06-20,110.15,NA,NA
"55",1371772800,2013-06-21,109.5,NA,NA
"56",1371859200,2013-06-22,108.3,NA,NA
"57",1371945600,2013-06-23,107.6,NA,NA
"58",1372032000,2013-06-24,102.74,NA,NA
"59",1372118400,2013-06-25,103.95,NA,NA
"60",1372204800,2013-06-26,104,NA,NA
"61",1372291200,2013-06-27,101.44,NA,NA
"62",1372377600,2013-06-28,94.65,NA,NA
"63",1372464000,2013-06-29,94.99,NA,NA
"64",1372550400,2013-06-30,96.61,NA,NA
"65",1372636800,2013-07-01,88.05,NA,NA
"66",1372723200,2013-07-02,90.13,NA,NA
"67",1372809600,2013-07-03,77.53,NA,NA
"68",1372896000,2013-07-04,80.53,NA,NA
"69",1372982400,2013-07-05,68.43,NA,NA
"70",1373068800,2013-07-06,70.28,NA,NA
"71",1373155200,2013-07-07,74.56,NA,NA
"72",1373241600,2013-07-08,76.52,NA,NA
"73",1373328000,2013-07-09,76.69,NA,NA
"74",1373414400,2013-07-10,86.76,NA,NA
"75",1373500800,2013-07-11,88.98,NA,NA
"76",1373587200,2013-07-12,93.59,NA,NA
"77",1373673600,2013-07-13,98.13,NA,NA
"78",1373760000,2013-07-14,94.69,NA,NA
"79",1373846400,2013-07-15,98.4,NA,NA
"80",1373932800,2013-07-16,97.45,NA,NA
"81",1374019200,2013-07-17,98.5,NA,NA
"82",1374105600,2013-07-18,90.58,NA,NA
"83",1374192000,2013-07-19,92.17,NA,NA
"84",1374278400,2013-07-20,89.39,NA,NA
"85",1374364800,2013-07-21,90.76,NA,NA
"86",1374451200,2013-07-22,91.61,NA,NA
"87",1374537600,2013-07-23,95.56,NA,NA
"88",1374624000,2013-07-24,94.51,NA,NA
"89",1374710400,2013-07-25,96.9,NA,NA
"90",1374796800,2013-07-26,96.02,NA,NA
"91",1374883200,2013-07-27,94.12,NA,NA
"92",1374969600,2013-07-28,99.76,NA,NA
"93",1375056000,2013-07-29,101.2,NA,NA
"94",1375142400,2013-07-30,107.99,NA,NA
"95",1375228800,2013-07-31,106.09,NA,NA
"96",1375315200,2013-08-01,104,NA,NA
"97",1375401600,2013-08-02,104.5,NA,NA
"98",1375488000,2013-08-03,104,NA,NA
"99",1375574400,2013-08-04,105.14,0.005882,NA
"100",1375660800,2013-08-05,106.22,0.005613,NA
"101",1375747200,2013-08-06,106.75,0.00468,NA
"102",1375833600,2013-08-07,106.75,0.004417,NA
"103",1375920000,2013-08-08,103,0.004254,NA
"104",1376006400,2013-08-09,102.8,0.004291,NA
"105",1376092800,2013-08-10,103,0.004314,NA
"106",1376179200,2013-08-11,105,0.004415,NA
"107",1376265600,2013-08-12,106.64,0.004449,NA
"108",1376352000,2013-08-13,109,0.004245,NA
"109",1376438400,2013-08-14,112.56,0.003788,NA
"110",1376524800,2013-08-15,109.99,0.003092,NA
"111",1376611200,2013-08-16,108.99,0.003134,NA
"112",1376697600,2013-08-17,113.5,0.005671,NA
"113",1376784000,2013-08-18,113.5,0.005617,NA
"114",1376870400,2013-08-19,119,0.00526,NA
"115",1376956800,2013-08-20,121.2,0.006098,NA
"116",1377043200,2013-08-21,123.3,0.006131,NA
"117",1377129600,2013-08-22,121.15,0.005143,NA
"118",1377216000,2013-08-23,118.5,0.005139,NA
"119",1377302400,2013-08-24,120.05,0.005546,NA
"120",1377388800,2013-08-25,122.11,0.006104,NA
"121",1377475200,2013-08-26,120.06,0.006417,NA
"122",1377561600,2013-08-27,126.5,0.006452,NA
"123",1377648000,2013-08-28,122.62,0.006246,NA
"124",1377734400,2013-08-29,122.39,0.005763,NA
"125",1377820800,2013-08-30,133.49,0.00593,NA
"126",1377907200,2013-08-31,135.35,0.005632,NA
"127",1377993600,2013-09-01,138.34,0.005787,NA
"128",1378080000,2013-09-02,135.85,0.005528,NA
"129",1378166400,2013-09-03,136.77,0.00567,NA
"130",1378252800,2013-09-04,126.74,0.005695,NA
"131",1378339200,2013-09-05,126.43,0.005715,NA
"132",1378425600,2013-09-06,119.15,0.005866,NA
"133",1378512000,2013-09-07,124.15,0.006173,NA
"134",1378598400,2013-09-08,121.66,0.006183,NA
"135",1378684800,2013-09-09,127.11,0.00627,NA
"136",1378771200,2013-09-10,125.91,0.005808,NA
"137",1378857600,2013-09-11,135.25,0.006273,NA
"138",1378944000,2013-09-12,133.13,0.006349,NA
"139",1379030400,2013-09-13,134.98,0.006513,NA
"140",1379116800,2013-09-14,129.22,0.00634,NA
"141",1379203200,2013-09-15,130.37,0.006472,NA
"142",1379289600,2013-09-16,131.72,0.007056,NA
"143",1379376000,2013-09-17,131.66,0.009613,NA
"144",1379462400,2013-09-18,131.47,0.010782,NA
"145",1379548800,2013-09-19,129.65,0.010958,NA
"146",1379635200,2013-09-20,127.04,0.010113,NA
"147",1379721600,2013-09-21,127.43,0.0097,NA
"148",1379808000,2013-09-22,129.12,0.010406,NA
"149",1379894400,2013-09-23,125.95,0.010008,NA
"150",1379980800,2013-09-24,127.25,0.010448,NA
"151",1380067200,2013-09-25,128.22,0.010433,NA
"152",1380153600,2013-09-26,128.38,0.011713,NA
"153",1380240000,2013-09-27,133.78,0.014566,NA
"154",1380326400,2013-09-28,134.78,0.013835,NA
"155",1380412800,2013-09-29,137.34,0.012868,NA
"156",1380499200,2013-09-30,133,0.010932,NA
"157",1380585600,2013-10-01,132.18,0.010529,NA
"158",1380672000,2013-10-02,114.13,0.007862,NA
"159",1380758400,2013-10-03,123.63,0.009112,NA
"160",1380844800,2013-10-04,129.01,0.009873,NA
"161",1380931200,2013-10-05,128.55,0.009488,NA
"162",1381017600,2013-10-06,129,0.009819,NA
"163",1381104000,2013-10-07,126.94,0.00924,NA
"164",1381190400,2013-10-08,126,0.009451,NA
"165",1381276800,2013-10-09,130.69,0.009663,NA
"166",1381363200,2013-10-10,130.59,0.009861,NA
"167",1381449600,2013-10-11,130.9,0.00897,NA
"168",1381536000,2013-10-12,135.19,0.009382,NA
"169",1381622400,2013-10-13,138.13,0.008412,NA
"170",1381708800,2013-10-14,140.52,0.008489,NA
"171",1381795200,2013-10-15,145.24,0.008051,NA
"172",1381881600,2013-10-16,142.55,0.007305,NA
"173",1381968000,2013-10-17,146.25,0.008343,NA
"174",1382054400,2013-10-18,155.96,0.007942,NA
"175",1382140800,2013-10-19,172.42,0.007252,NA
"176",1382227200,2013-10-20,174.61,0.0067,NA
"177",1382313600,2013-10-21,182.21,0.006634,NA
"178",1382400000,2013-10-22,193.76,0.006845,NA
"179",1382486400,2013-10-23,213.62,0.007873,NA
"180",1382572800,2013-10-24,198.23,0.008596,NA
"181",1382659200,2013-10-25,186.69,0.00686,NA
"182",1382745600,2013-10-26,177.32,0.006064,NA
"183",1382832000,2013-10-27,196.44,0.006842,NA
"184",1382918400,2013-10-28,198.55,0.005942,NA
"185",1383004800,2013-10-29,204.39,0.005998,NA
"186",1383091200,2013-10-30,199.97,0.005854,NA
"187",1383177600,2013-10-31,204,0.006073,NA
"188",1383264000,2013-11-01,206.18,0.006353,NA
"189",1383350400,2013-11-02,206.22,0.006814,NA
"190",1383436800,2013-11-03,215.05,0.00716,NA
"191",1383523200,2013-11-04,229.1,0.007011,NA
"192",1383609600,2013-11-05,245.24,0.00715,NA
"193",1383696000,2013-11-06,262.5,0.007776,NA
"194",1383782400,2013-11-07,296.41,0.008939,NA
"195",1383868800,2013-11-08,338.11,0.010722,NA
"196",1383955200,2013-11-09,339.11,0.008653,NA
"197",1384041600,2013-11-10,326.62,0.008609,NA
"198",1384128000,2013-11-11,342.44,0.008681,NA
"199",1384214400,2013-11-12,360.33,0.009557,NA
"200",1384300800,2013-11-13,407.37,0.010846,NA
"201",1384387200,2013-11-14,420.2,0.009646,NA
"202",1384473600,2013-11-15,417.95,0.009685,NA
"203",1384560000,2013-11-16,440.22,0.01014,NA
"204",1384646400,2013-11-17,492.11,0.010209,NA
"205",1384732800,2013-11-18,703.56,0.010918,NA
"206",1384819200,2013-11-19,584.61,0.007225,NA
"207",1384905600,2013-11-20,590.83,0.007467,NA
"208",1384992000,2013-11-21,722.43,0.009935,NA
"209",1385078400,2013-11-22,771.44,0.009717,NA
"210",1385164800,2013-11-23,797.82,0.009798,NA
"211",1385251200,2013-11-24,774.25,0.011668,NA
"212",1385337600,2013-11-25,799.11,0.018208,NA
"213",1385424000,2013-11-26,928.1,0.029913,NA
"214",1385510400,2013-11-27,1001.96,0.024096,NA
"215",1385596800,2013-11-28,1031.95,0.028981,NA
"216",1385683200,2013-11-29,1131.97,0.030986,NA
"217",1385769600,2013-11-30,1129.43,0.038386,NA
"218",1385856000,2013-12-01,955.85,0.051497,NA
"219",1385942400,2013-12-02,1043.33,0.055252,NA
"220",1386028800,2013-12-03,1078.28,0.048672,NA
"221",1386115200,2013-12-04,1151.17,0.058692,NA
"222",1386201600,2013-12-05,1045.11,0.055153,NA
"223",1386288000,2013-12-06,829.45,0.042211,NA
"224",1386374400,2013-12-07,698.23,0.033066,NA
"225",1386460800,2013-12-08,795.87,0.036456,NA
"226",1386547200,2013-12-09,893.19,0.03893,NA
"227",1386633600,2013-12-10,988.51,0.043784,NA
"228",1386720000,2013-12-11,878.48,0.037937,NA
"229",1386806400,2013-12-12,873.26,0.03465,NA
"230",1386892800,2013-12-13,892.58,0.035145,NA
"231",1386979200,2013-12-14,872.6,0.03194,NA
"232",1387065600,2013-12-15,876.12,0.029137,NA
"233",1387152000,2013-12-16,705.97,0.021565,NA
"234",1387238400,2013-12-17,682.12,0.018313,NA
"235",1387324800,2013-12-18,522.7,0.015852,NA
"236",1387411200,2013-12-19,691.96,0.021073,NA
"237",1387497600,2013-12-20,625.32,0.020851,NA
"238",1387584000,2013-12-21,605.66,0.021684,NA
"239",1387670400,2013-12-22,617.18,0.021716,NA
"240",1387756800,2013-12-23,673.41,0.023702,NA
"241",1387843200,2013-12-24,665.58,0.022575,NA
"242",1387929600,2013-12-25,682.21,0.022042,NA
"243",1388016000,2013-12-26,761.98,0.024385,NA
"244",1388102400,2013-12-27,735.07,0.027076,NA
"245",1388188800,2013-12-28,727.83,0.027303,NA
"246",1388275200,2013-12-29,745.05,0.027218,NA
"247",1388361600,2013-12-30,756.13,0.02746,NA
"248",1388448000,2013-12-31,754.01,0.02733,NA
"249",1388534400,2014-01-01,771.4,0.026944,NA
"250",1388620800,2014-01-02,802.39,0.028726,NA
"251",1388707200,2014-01-03,818.72,0.027627,NA
"252",1388793600,2014-01-04,859.51,0.028129,NA
"253",1388880000,2014-01-05,933.53,0.025229,NA
"254",1388966400,2014-01-06,953.29,0.0257,NA
"255",1389052800,2014-01-07,802,0.022986,NA
"256",1389139200,2014-01-08,842.72,0.023227,NA
"257",1389225600,2014-01-09,846.86,0.022368,NA
"258",1389312000,2014-01-10,868.48,0.022837,NA
"259",1389398400,2014-01-11,913.95,0.024019,NA
"260",1389484800,2014-01-12,863.22,0.022044,NA
"261",1389571200,2014-01-13,841.2,0.021664,NA
"262",1389657600,2014-01-14,833.27,0.021186,NA
"263",1389744000,2014-01-15,860.9,0.022221,NA
"264",1389830400,2014-01-16,835.63,0.021024,NA
"265",1389916800,2014-01-17,814.64,0.02053,NA
"266",1390003200,2014-01-18,840,0.021278,NA
"267",1390089600,2014-01-19,870.96,0.020875,NA
"268",1390176000,2014-01-20,870.2,0.019856,NA
"269",1390262400,2014-01-21,863.91,0.019927,NA
"270",1390348800,2014-01-22,845.59,0.019389,NA
"271",1390435200,2014-01-23,822.04,0.018534,NA
"272",1390521600,2014-01-24,797.07,0.018126,NA
"273",1390608000,2014-01-25,853.61,0.019141,NA
"274",1390694400,2014-01-26,885.28,0.020129,NA
"275",1390780800,2014-01-27,771.39,0.018967,NA
"276",1390867200,2014-01-28,812.51,0.020605,NA
"277",1390953600,2014-01-29,826,0.020337,NA
"278",1391040000,2014-01-30,819.03,0.020337,NA
"279",1391126400,2014-01-31,829.92,0.020504,NA
"280",1391212800,2014-02-01,832.58,0.020698,NA
"281",1391299200,2014-02-02,825.37,0.02156,NA
"282",1391385600,2014-02-03,823.83,0.021402,NA
"283",1391472000,2014-02-04,827.96,0.020997,NA
"284",1391558400,2014-02-05,811.91,0.020357,NA
"285",1391644800,2014-02-06,781.55,0.019752,NA
"286",1391731200,2014-02-07,712.4,0.018377,NA
"287",1391817600,2014-02-08,673.92,0.017487,NA
"288",1391904000,2014-02-09,682.9,0.01739,NA
"289",1391990400,2014-02-10,681.03,0.016677,NA
"290",1392076800,2014-02-11,672.17,0.017681,NA
"291",1392163200,2014-02-12,651.72,0.017174,NA
"292",1392249600,2014-02-13,605.24,0.016079,NA
"293",1392336000,2014-02-14,661.99,0.016367,NA
"294",1392422400,2014-02-15,650.92,0.016083,NA
"295",1392508800,2014-02-16,616.63,0.015338,NA
"296",1392595200,2014-02-17,626.27,0.015293,NA
"297",1392681600,2014-02-18,626.6,0.015286,NA
"298",1392768000,2014-02-19,623.03,0.015237,NA
"299",1392854400,2014-02-20,556.14,0.014251,NA
"300",1392940800,2014-02-21,574.16,0.01507,NA
"301",1393027200,2014-02-22,605.42,0.015682,NA
"302",1393113600,2014-02-23,605.82,0.015412,NA
"303",1393200000,2014-02-24,546.32,0.01359,NA
"304",1393286400,2014-02-25,538.71,0.01299,NA
"305",1393372800,2014-02-26,582.69,0.014093,NA
"306",1393459200,2014-02-27,578.77,0.014153,NA
"307",1393545600,2014-02-28,549.26,0.013666,NA
"308",1393632000,2014-03-01,565.61,0.013799,NA
"309",1393718400,2014-03-02,559.79,0.013543,NA
"310",1393804800,2014-03-03,667.76,0.015596,NA
"311",1393891200,2014-03-04,666.78,0.016135,NA
"312",1393977600,2014-03-05,665.51,0.016008,NA
"313",1394064000,2014-03-06,663.86,0.015921,NA
"314",1394150400,2014-03-07,629.15,0.015009,NA
"315",1394236800,2014-03-08,617.45,0.014404,NA
"316",1394323200,2014-03-09,636.96,0.014745,NA
"317",1394409600,2014-03-10,627.79,0.014745,NA
"318",1394496000,2014-03-11,634.11,0.014279,NA
"319",1394582400,2014-03-12,632.1,0.014353,NA
"320",1394668800,2014-03-13,638.14,0.014333,NA
"321",1394755200,2014-03-14,628.8,0.014198,NA
"322",1394841600,2014-03-15,636.12,0.014345,NA
"323",1394928000,2014-03-16,631.11,0.014306,NA
"324",1395014400,2014-03-17,622.37,0.014112,NA
"325",1395100800,2014-03-18,614.83,0.01405,NA
"326",1395187200,2014-03-19,609.89,0.013963,NA
"327",1395273600,2014-03-20,588.77,0.013638,NA
"328",1395360000,2014-03-21,571.49,0.01325,NA
"329",1395446400,2014-03-22,565.04,0.012954,NA
"330",1395532800,2014-03-23,561.27,0.012651,NA
"331",1395619200,2014-03-24,583.41,0.012871,NA
"332",1395705600,2014-03-25,583.92,0.01283,NA
"333",1395792000,2014-03-26,580.83,0.012594,NA
"334",1395878400,2014-03-27,471.24,0.010226,NA
"335",1395964800,2014-03-28,495.67,0.010551,NA
"336",1396051200,2014-03-29,491.17,0.010338,NA
"337",1396137600,2014-03-30,460.27,0.009653,NA
"338",1396224000,2014-03-31,457,0.008785,NA
"339",1396310400,2014-04-01,478.38,0.008757,NA
"340",1396396800,2014-04-02,437.14,0.007922,NA
"341",1396483200,2014-04-03,444.72,0.007944,NA
"342",1396569600,2014-04-04,447.53,0.008094,NA
"343",1396656000,2014-04-05,461.91,0.008324,NA
"344",1396742400,2014-04-06,460.5,0.008247,NA
"345",1396828800,2014-04-07,449.42,0.008035,NA
"346",1396915200,2014-04-08,453.09,0.008013,NA
"347",1397001600,2014-04-09,442.73,0.007866,NA
"348",1397088000,2014-04-10,365.18,0.006318,NA
"349",1397174400,2014-04-11,420.95,0.006582,NA
"350",1397260800,2014-04-12,421.12,0.006257,NA
"351",1397347200,2014-04-13,414.06,0.005987,NA
"352",1397433600,2014-04-14,458.79,0.006518,NA
"353",1397520000,2014-04-15,515.59,0.007719,NA
"354",1397606400,2014-04-16,527.39,0.007023,NA
"355",1397692800,2014-04-17,495.96,0.006339,NA
"356",1397779200,2014-04-18,479.64,0.00621,NA
"357",1397865600,2014-04-19,501.56,0.006473,NA
"358",1397952000,2014-04-20,498.17,0.006214,NA
"359",1398038400,2014-04-21,495.77,0.006142,NA
"360",1398124800,2014-04-22,487.92,0.006059,NA
"361",1398211200,2014-04-23,491.3,0.00611,NA
"362",1398297600,2014-04-24,500.46,0.006069,NA
"363",1398384000,2014-04-25,461.45,0.005491,NA
"364",1398470400,2014-04-26,458.6,0.005394,NA
"365",1398556800,2014-04-27,436.39,0.004859,NA
"366",1398643200,2014-04-28,440.29,0.005139,NA
"367",1398729600,2014-04-29,447.21,0.005362,NA
"368",1398816000,2014-04-30,447.64,0.005364,NA
"369",1398902400,2014-05-01,457.76,0.005413,NA
"370",1398988800,2014-05-02,449.38,0.005315,NA
"371",1399075200,2014-05-03,437.76,0.005024,NA
"372",1399161600,2014-05-04,436.4,0.005024,NA
"373",1399248000,2014-05-05,433.48,0.005214,NA
"374",1399334400,2014-05-06,428.96,0.005973,NA
"375",1399420800,2014-05-07,438.82,0.006351,NA
"376",1399507200,2014-05-08,440.17,0.00608,NA
"377",1399593600,2014-05-09,449.46,0.006063,NA
"378",1399680000,2014-05-10,454.43,0.005975,NA
"379",1399766400,2014-05-11,438.89,0.005754,NA
"380",1399852800,2014-05-12,441.46,0.005937,NA
"381",1399939200,2014-05-13,440.67,0.00634,NA
"382",1400025600,2014-05-14,443.97,0.007154,NA
"383",1400112000,2014-05-15,447.25,0.007099,NA
"384",1400198400,2014-05-16,448.06,0.00691,NA
"385",1400284800,2014-05-17,448.9,0.006487,NA
"386",1400371200,2014-05-18,446.26,0.006004,NA
"387",1400457600,2014-05-19,446.18,0.006034,NA
"388",1400544000,2014-05-20,485.72,0.006711,NA
"389",1400630400,2014-05-21,491.77,0.006669,NA
"390",1400716800,2014-05-22,524.58,0.003993,NA
"391",1400803200,2014-05-23,520.22,0.003315,NA
"392",1400889600,2014-05-24,525.14,0.004111,NA
"393",1400976000,2014-05-25,571.59,0.003646,NA
"394",1401062400,2014-05-26,583.42,0.003799,NA
"395",1401148800,2014-05-27,571.24,0.004643,NA
"396",1401235200,2014-05-28,577.06,0.005005,NA
"397",1401321600,2014-05-29,568.18,0.004791,NA
"398",1401408000,2014-05-30,615.33,0.004232,NA
"399",1401494400,2014-05-31,623.68,0.004146,NA
"400",1401580800,2014-06-01,630.23,0.004092,NA
"401",1401667200,2014-06-02,660.62,0.004339,NA
"402",1401753600,2014-06-03,667.61,0.004385,NA
"403",1401840000,2014-06-04,641.61,0.003952,NA
"404",1401926400,2014-06-05,659.26,0.003841,NA
"405",1402012800,2014-06-06,653.7,0.003916,NA
"406",1402099200,2014-06-07,654.97,0.003961,NA
"407",1402185600,2014-06-08,656.14,0.003974,NA
"408",1402272000,2014-06-09,649.16,0.004225,NA
"409",1402358400,2014-06-10,653.15,0.004547,NA
"410",1402444800,2014-06-11,633.02,0.004421,NA
"411",1402531200,2014-06-12,586.95,0.004048,NA
"412",1402617600,2014-06-13,600.16,0.004161,NA
"413",1402704000,2014-06-14,577.36,0.004017,NA
"414",1402790400,2014-06-15,592.94,0.004197,NA
"415",1402876800,2014-06-16,592.19,0.004173,NA
"416",1402963200,2014-06-17,610.86,0.004264,NA
"417",1403049600,2014-06-18,607.96,0.004247,NA
"418",1403136000,2014-06-19,598.07,0.00423,NA
"419",1403222400,2014-06-20,594.15,0.004188,NA
"420",1403308800,2014-06-21,594.99,0.00415,NA
"421",1403395200,2014-06-22,602.27,0.004187,NA
"422",1403481600,2014-06-23,593.98,0.004085,NA
"423",1403568000,2014-06-24,582.36,0.004049,NA
"424",1403654400,2014-06-25,566.34,0.003931,NA
"425",1403740800,2014-06-26,581.14,0.004051,NA
"426",1403827200,2014-06-27,597.26,0.003993,NA
"427",1403913600,2014-06-28,596.55,0.003923,NA
"428",1404000000,2014-06-29,602.72,0.004013,NA
"429",1404086400,2014-06-30,639.8,0.00378,NA
"430",1404172800,2014-07-01,640.81,0.003623,NA
"431",1404259200,2014-07-02,650.88,0.003484,NA
"432",1404345600,2014-07-03,645.16,0.00336,NA
"433",1404432000,2014-07-04,630.69,0.003246,NA
"434",1404518400,2014-07-05,631.46,0.003132,NA
"435",1404604800,2014-07-06,635.81,0.00281,NA
"436",1404691200,2014-07-07,624.09,0.003082,NA
"437",1404777600,2014-07-08,624.82,0.0033,NA
"438",1404864000,2014-07-09,624.51,0.003879,NA
"439",1404950400,2014-07-10,616.76,0.004074,NA
"440",1405036800,2014-07-11,632,0.004298,NA
"441",1405123200,2014-07-12,633.71,0.004317,NA
"442",1405209600,2014-07-13,626.5,0.004306,NA
"443",1405296000,2014-07-14,619.32,0.004367,NA
"444",1405382400,2014-07-15,621.59,0.004514,NA
"445",1405468800,2014-07-16,616.8,0.004898,NA
"446",1405555200,2014-07-17,623.09,0.006162,NA
"447",1405641600,2014-07-18,628.78,0.006364,NA
"448",1405728000,2014-07-19,628.51,0.005298,NA
"449",1405814400,2014-07-20,623.9,0.005383,NA
"450",1405900800,2014-07-21,622.21,0.005362,NA
"451",1405987200,2014-07-22,621.55,0.005643,NA
"452",1406073600,2014-07-23,619.41,0.006144,NA
"453",1406160000,2014-07-24,601.73,0.005929,NA
"454",1406246400,2014-07-25,601.09,0.006043,NA
"455",1406332800,2014-07-26,595.81,0.006041,NA
"456",1406419200,2014-07-27,593.85,0.006021,NA
"457",1406505600,2014-07-28,585.69,0.006157,NA
"458",1406592000,2014-07-29,584.73,0.006066,NA
"459",1406678400,2014-07-30,567.29,0.005097,NA
"460",1406764800,2014-07-31,586.24,0.005189,NA
"461",1406851200,2014-08-01,594.92,0.005369,NA
"462",1406937600,2014-08-02,589.33,0.005294,NA
"463",1407024000,2014-08-03,586.67,0.005215,NA
"464",1407110400,2014-08-04,588.78,0.004948,NA
"465",1407196800,2014-08-05,585.44,0.005104,NA
"466",1407283200,2014-08-06,584.65,0.005256,NA
"467",1407369600,2014-08-07,588.87,0.005343,NA
"468",1407456000,2014-08-08,592.58,0.005462,NA
"469",1407542400,2014-08-09,589.37,0.005242,NA
"470",1407628800,2014-08-10,591.06,0.004975,NA
"471",1407715200,2014-08-11,576.37,0.005214,NA
"472",1407801600,2014-08-12,569.64,0.005044,NA
"473",1407888000,2014-08-13,546.66,0.00497,NA
"474",1407974400,2014-08-14,505.97,0.005227,NA
"475",1408060800,2014-08-15,497.01,0.00541,NA
"476",1408147200,2014-08-16,519.71,0.005418,NA
"477",1408233600,2014-08-17,491.8,0.005177,NA
"478",1408320000,2014-08-18,461.46,0.004979,NA
"479",1408406400,2014-08-19,485.25,0.005051,NA
"480",1408492800,2014-08-20,511.98,0.005265,NA
"481",1408579200,2014-08-21,517.24,0.005117,NA
"482",1408665600,2014-08-22,514.04,0.005095,NA
"483",1408752000,2014-08-23,498.07,0.005016,NA
"484",1408838400,2014-08-24,508.29,0.005154,NA
"485",1408924800,2014-08-25,502.5,0.004974,NA
"486",1409011200,2014-08-26,511.57,0.004837,NA
"487",1409097600,2014-08-27,511.15,0.005015,NA
"488",1409184000,2014-08-28,507.81,0.005062,NA
"489",1409270400,2014-08-29,508.52,0.005017,NA
"490",1409356800,2014-08-30,504.25,0.004961,NA
"491",1409443200,2014-08-31,477.76,0.004887,NA
"492",1409529600,2014-09-01,474.88,0.005025,NA
"493",1409616000,2014-09-02,477.43,0.004641,NA
"494",1409702400,2014-09-03,477.59,0.004776,NA
"495",1409788800,2014-09-04,489.66,0.004805,NA
"496",1409875200,2014-09-05,483.34,0.004874,NA
"497",1409961600,2014-09-06,484.83,0.004795,NA
"498",1410048000,2014-09-07,482.28,0.004704,NA
"499",1410134400,2014-09-08,474.6,0.004711,NA
"500",1410220800,2014-09-09,475.26,0.004719,NA
"501",1410307200,2014-09-10,479.36,0.00475,NA
"502",1410393600,2014-09-11,479.75,0.004749,NA
"503",1410480000,2014-09-12,477.75,0.004713,NA
"504",1410566400,2014-09-13,479,0.004706,NA
"505",1410652800,2014-09-14,477.89,0.005136,NA
"506",1410739200,2014-09-15,475.37,0.00505,NA
"507",1410825600,2014-09-16,466.06,0.005124,NA
"508",1410912000,2014-09-17,457.33,0.005399,NA
"509",1410998400,2014-09-18,424.44,0.005135,NA
"510",1411084800,2014-09-19,394.8,0.004942,NA
"511",1411171200,2014-09-20,408.9,0.004772,NA
"512",1411257600,2014-09-21,398.82,0.00457,NA
"513",1411344000,2014-09-22,402.15,0.004657,NA
"514",1411430400,2014-09-23,435.79,0.004613,NA
"515",1411516800,2014-09-24,423.2,0.004668,NA
"516",1411603200,2014-09-25,411.57,0.004722,NA
"517",1411689600,2014-09-26,404.43,0.004616,NA
"518",1411776000,2014-09-27,399.52,0.004705,NA
"519",1411862400,2014-09-28,377.18,0.005282,NA
"520",1411948800,2014-09-29,375.47,0.004705,NA
"521",1412035200,2014-09-30,386.94,0.004644,NA
"522",1412121600,2014-10-01,383.62,0.004752,NA
"523",1412208000,2014-10-02,375.07,0.004874,NA
"524",1412294400,2014-10-03,359.51,0.005023,NA
"525",1412380800,2014-10-04,328.87,0.004941,NA
"526",1412467200,2014-10-05,320.51,0.004789,NA
"527",1412553600,2014-10-06,330.08,0.00473,NA
"528",1412640000,2014-10-07,336.19,0.004765,NA
"529",1412726400,2014-10-08,352.94,0.004787,NA
"530",1412812800,2014-10-09,365.03,0.004824,NA
"531",1412899200,2014-10-10,361.56,0.004871,NA
"532",1412985600,2014-10-11,362.3,0.004753,NA
"533",1413072000,2014-10-12,378.55,0.004858,NA
"534",1413158400,2014-10-13,390.41,0.004784,NA
"535",1413244800,2014-10-14,400.87,0.004872,NA
"536",1413331200,2014-10-15,394.77,0.004827,NA
"537",1413417600,2014-10-16,382.56,0.004855,NA
"538",1413504000,2014-10-17,383.76,0.004904,NA
"539",1413590400,2014-10-18,391.44,0.004965,NA
"540",1413676800,2014-10-19,389.55,0.004949,NA
"541",1413763200,2014-10-20,382.85,0.005073,NA
"542",1413849600,2014-10-21,386.48,0.005193,NA
"543",1413936000,2014-10-22,383.16,0.005187,NA
"544",1414022400,2014-10-23,358.42,0.005142,NA
"545",1414108800,2014-10-24,358.35,0.005082,NA
"546",1414195200,2014-10-25,347.27,0.004719,NA
"547",1414281600,2014-10-26,354.7,0.004548,NA
"548",1414368000,2014-10-27,352.99,0.004891,NA
"549",1414454400,2014-10-28,357.62,0.004845,NA
"550",1414540800,2014-10-29,335.59,0.004776,NA
"551",1414627200,2014-10-30,345.31,0.00489,NA
"552",1414713600,2014-10-31,338.32,0.004867,NA
"553",1414800000,2014-11-01,325.75,0.004671,NA
"554",1414886400,2014-11-02,325.89,0.004664,NA
"555",1414972800,2014-11-03,327.55,0.00481,NA
"556",1415059200,2014-11-04,330.49,0.004805,NA
"557",1415145600,2014-11-05,339.49,0.004861,NA
"558",1415232000,2014-11-06,349.29,0.004877,NA
"559",1415318400,2014-11-07,342.42,0.004877,NA
"560",1415404800,2014-11-08,345.49,0.004907,NA
"561",1415491200,2014-11-09,363.26,0.004926,NA
"562",1415577600,2014-11-10,366.92,0.004901,NA
"563",1415664000,2014-11-11,367.69,0.004899,NA
"564",1415750400,2014-11-12,423.56,0.005097,NA
"565",1415836800,2014-11-13,420.74,0.005035,NA
"566",1415923200,2014-11-14,397.82,0.005197,NA
"567",1416009600,2014-11-15,376.13,0.005052,NA
"568",1416096000,2014-11-16,387.88,0.005181,NA
"569",1416182400,2014-11-17,387.41,0.00534,NA
"570",1416268800,2014-11-18,375.2,0.005432,NA
"571",1416355200,2014-11-19,380.56,0.005696,NA
"572",1416441600,2014-11-20,357.84,0.006058,NA
"573",1416528000,2014-11-21,350.85,0.006589,NA
"574",1416614400,2014-11-22,352.92,0.007663,NA
"575",1416700800,2014-11-23,367.57,0.008599,NA
"576",1416787200,2014-11-24,376.9,0.008562,NA
"577",1416873600,2014-11-25,375.35,0.00974,NA
"578",1416960000,2014-11-26,368.37,0.011004,NA
"579",1417046400,2014-11-27,369.67,0.014205,NA
"580",1417132800,2014-11-28,376.45,0.015165,NA
"581",1417219200,2014-11-29,375.49,0.013982,NA
"582",1417305600,2014-11-30,378.05,0.011211,NA
"583",1417392000,2014-12-01,379.25,0.012559,NA
"584",1417478400,2014-12-02,381.31,0.013158,NA
"585",1417564800,2014-12-03,375.01,0.01313,NA
"586",1417651200,2014-12-04,369.6,0.013343,NA
"587",1417737600,2014-12-05,376.85,0.013785,NA
"588",1417824000,2014-12-06,374.79,0.014406,NA
"589",1417910400,2014-12-07,375.1,0.014794,NA
"590",1417996800,2014-12-08,361.91,0.013421,NA
"591",1418083200,2014-12-09,352.22,0.015068,NA
"592",1418169600,2014-12-10,346.37,0.015908,NA
"593",1418256000,2014-12-11,350.51,0.016374,NA
"594",1418342400,2014-12-12,352.54,0.016374,NA
"595",1418428800,2014-12-13,347.38,0.016992,NA
"596",1418515200,2014-12-14,351.63,0.017127,NA
"597",1418601600,2014-12-15,345.35,0.018242,NA
"598",1418688000,2014-12-16,327.06,0.021539,NA
"599",1418774400,2014-12-17,319.78,0.026065,NA
"600",1418860800,2014-12-18,311.4,0.02794,NA
"601",1418947200,2014-12-19,317.84,0.023338,NA
"602",1419033600,2014-12-20,329.96,0.024207,NA
"603",1419120000,2014-12-21,320.84,0.024921,NA
"604",1419206400,2014-12-22,331.89,0.025562,NA
"605",1419292800,2014-12-23,334.57,0.023878,NA
"606",1419379200,2014-12-24,322.53,0.023382,NA
"607",1419465600,2014-12-25,319.01,0.024138,NA
"608",1419552000,2014-12-26,327.92,0.025308,NA
"609",1419638400,2014-12-27,315.86,0.024074,NA
"610",1419724800,2014-12-28,317.24,0.023764,NA
"611",1419811200,2014-12-29,312.67,0.024231,NA
"612",1419897600,2014-12-30,310.74,0.0242,NA
"613",1419984000,2014-12-31,320.19,0.024438,NA
"614",1420070400,2015-01-01,314.25,0.02439,NA
"615",1420156800,2015-01-02,315.03,0.024318,NA
"616",1420243200,2015-01-03,281.08,0.022106,NA
"617",1420329600,2015-01-04,264.19,0.018928,NA
"618",1420416000,2015-01-05,274.47,0.020316,NA
"619",1420502400,2015-01-06,286.19,0.020732,NA
"620",1420588800,2015-01-07,294.34,0.020843,NA
"621",1420675200,2015-01-08,283.35,0.020676,NA
"622",1420761600,2015-01-09,290.41,0.020576,NA
"623",1420848000,2015-01-10,274.8,0.019233,NA
"624",1420934400,2015-01-11,265.66,0.018765,NA
"625",1421020800,2015-01-12,267.8,0.018434,NA
"626",1421107200,2015-01-13,225.86,0.015648,NA
"627",1421193600,2015-01-14,178.1,0.014233,NA
"628",1421280000,2015-01-15,209.84,0.016444,NA
"629",1421366400,2015-01-16,208.1,0.016403,NA
"630",1421452800,2015-01-17,199.26,0.015361,NA
"631",1421539200,2015-01-18,210.34,0.015622,NA
"632",1421625600,2015-01-19,214.86,0.015991,NA
"633",1421712000,2015-01-20,211.31,0.016112,NA
"634",1421798400,2015-01-21,226.9,0.016653,NA
"635",1421884800,2015-01-22,233.41,0.01701,NA
"636",1421971200,2015-01-23,232.88,0.016734,NA
"637",1422057600,2015-01-24,247.85,0.016736,NA
"638",1422144000,2015-01-25,253.72,0.016578,NA
"639",1422230400,2015-01-26,273.47,0.016019,NA
"640",1422316800,2015-01-27,263.48,0.015841,NA
"641",1422403200,2015-01-28,233.91,0.01497,NA
"642",1422489600,2015-01-29,233.51,0.014706,NA
"643",1422576000,2015-01-30,226.43,0.014443,NA
"644",1422662400,2015-01-31,217.46,0.014298,NA
"645",1422748800,2015-02-01,226.97,0.014139,NA
"646",1422835200,2015-02-02,238.23,0.01367,NA
"647",1422921600,2015-02-03,227.27,0.013025,NA
"648",1423008000,2015-02-04,226.85,0.013498,NA
"649",1423094400,2015-02-05,217.11,0.014466,NA
"650",1423180800,2015-02-06,222.27,0.015185,NA
"651",1423267200,2015-02-07,227.75,0.014577,NA
"652",1423353600,2015-02-08,223.41,0.014427,NA
"653",1423440000,2015-02-09,220.11,0.013994,NA
"654",1423526400,2015-02-10,219.84,0.013649,NA
"655",1423612800,2015-02-11,219.19,0.013776,NA
"656",1423699200,2015-02-12,221.76,0.014039,NA
"657",1423785600,2015-02-13,235.43,0.014566,NA
"658",1423872000,2015-02-14,257.32,0.014956,NA
"659",1423958400,2015-02-15,234.82,0.013712,NA
"660",1424044800,2015-02-16,233.84,0.01375,NA
"661",1424131200,2015-02-17,243.61,0.014031,NA
"662",1424217600,2015-02-18,236.33,0.013791,NA
"663",1424304000,2015-02-19,240.28,0.013758,NA
"664",1424390400,2015-02-20,243.78,0.013481,NA
"665",1424476800,2015-02-21,244.53,0.013286,NA
"666",1424563200,2015-02-22,235.98,0.01313,NA
"667",1424649600,2015-02-23,238.89,0.013334,NA
"668",1424736000,2015-02-24,238.74,0.013396,NA
"669",1424822400,2015-02-25,237.47,0.013401,NA
"670",1424908800,2015-02-26,236.43,0.013299,NA
"671",1424995200,2015-02-27,253.83,0.01336,NA
"672",1425081600,2015-02-28,254.26,0.012998,NA
"673",1425168000,2015-03-01,260.2,0.012239,NA
"674",1425254400,2015-03-02,275.67,0.012192,NA
"675",1425340800,2015-03-03,281.7,0.010593,NA
"676",1425427200,2015-03-04,273.09,0.010032,NA
"677",1425513600,2015-03-05,276.18,0.011543,NA
"678",1425600000,2015-03-06,272.72,0.010856,NA
"679",1425686400,2015-03-07,276.26,0.010535,NA
"680",1425772800,2015-03-08,274.35,0.009961,NA
"681",1425859200,2015-03-09,289.61,0.010643,NA
"682",1425945600,2015-03-10,291.76,0.010086,NA
"683",1426032000,2015-03-11,296.38,0.010229,NA
"684",1426118400,2015-03-12,294.35,0.010359,NA
"685",1426204800,2015-03-13,285.34,0.010511,NA
"686",1426291200,2015-03-14,281.88,0.011088,NA
"687",1426377600,2015-03-15,286.39,0.010817,NA
"688",1426464000,2015-03-16,290.59,0.010968,NA
"689",1426550400,2015-03-17,285.5,0.010929,NA
"690",1426636800,2015-03-18,256.3,0.010575,NA
"691",1426723200,2015-03-19,260.93,0.01048,NA
"692",1426809600,2015-03-20,261.75,0.010446,NA
"693",1426896000,2015-03-21,260.02,0.010182,NA
"694",1426982400,2015-03-22,267.96,0.010196,NA
"695",1427068800,2015-03-23,266.74,0.010308,NA
"696",1427155200,2015-03-24,245.59,0.009757,NA
"697",1427241600,2015-03-25,246.2,0.009115,NA
"698",1427328000,2015-03-26,248.53,0.008764,NA
"699",1427414400,2015-03-27,247.03,0.008895,NA
"700",1427500800,2015-03-28,252.8,0.008851,NA
"701",1427587200,2015-03-29,242.71,0.008498,NA
"702",1427673600,2015-03-30,247.53,0.008453,NA
"703",1427760000,2015-03-31,244.22,0.007772,NA
"704",1427846400,2015-04-01,247.27,0.007668,NA
"705",1427932800,2015-04-02,253,0.007906,NA
"706",1428019200,2015-04-03,254.32,0.00872,NA
"707",1428105600,2015-04-04,253.7,0.008844,NA
"708",1428192000,2015-04-05,260.6,0.008739,NA
"709",1428278400,2015-04-06,255.49,0.008786,NA
"710",1428364800,2015-04-07,253.18,0.009071,NA
"711",1428451200,2015-04-08,245.02,0.009198,NA
"712",1428537600,2015-04-09,243.68,0.00878,NA
"713",1428624000,2015-04-10,236.07,0.008512,NA
"714",1428710400,2015-04-11,236.55,0.0083,NA
"715",1428796800,2015-04-12,236.15,0.00861,NA
"716",1428883200,2015-04-13,224.59,0.008194,NA
"717",1428969600,2015-04-14,219.16,0.008159,NA
"718",1429056000,2015-04-15,223.83,0.007949,NA
"719",1429142400,2015-04-16,228.57,0.00801,NA
"720",1429228800,2015-04-17,222.88,0.008025,NA
"721",1429315200,2015-04-18,223.36,0.0079,NA
"722",1429401600,2015-04-19,222.6,0.007846,NA
"723",1429488000,2015-04-20,224.63,0.007932,NA
"724",1429574400,2015-04-21,235.27,0.007968,NA
"725",1429660800,2015-04-22,234.18,0.008025,NA
"726",1429747200,2015-04-23,236.46,0.008019,NA
"727",1429833600,2015-04-24,231.27,0.008077,NA
"728",1429920000,2015-04-25,226.39,0.008291,NA
"729",1430006400,2015-04-26,219.43,0.00774,NA
"730",1430092800,2015-04-27,229.29,0.007765,NA
"731",1430179200,2015-04-28,225.85,0.00763,NA
"732",1430265600,2015-04-29,225.81,0.007863,NA
"733",1430352000,2015-04-30,236.15,0.008029,NA
"734",1430438400,2015-05-01,232.08,0.008018,NA
"735",1430524800,2015-05-02,234.93,0.008037,NA
"736",1430611200,2015-05-03,240.36,0.008055,NA
"737",1430697600,2015-05-04,239.02,0.008017,NA
"738",1430784000,2015-05-05,236.12,0.00791,NA
"739",1430870400,2015-05-06,229.78,0.007782,NA
"740",1430956800,2015-05-07,237.33,0.007529,NA
"741",1431043200,2015-05-08,243.86,0.007491,NA
"742",1431129600,2015-05-09,241.83,0.007574,NA
"743",1431216000,2015-05-10,240.3,0.007382,NA
"744",1431302400,2015-05-11,242.16,0.00736,NA
"745",1431388800,2015-05-12,241.11,0.007213,NA
"746",1431475200,2015-05-13,236.38,0.006857,NA
"747",1431561600,2015-05-14,236.93,0.006602,NA
"748",1431648000,2015-05-15,237.6,0.006655,NA
"749",1431734400,2015-05-16,236.15,0.006588,NA
"750",1431820800,2015-05-17,236.8,0.006329,NA
"751",1431907200,2015-05-18,233.13,0.005748,NA
"752",1431993600,2015-05-19,231.95,0.006539,NA
"753",1432080000,2015-05-20,234.02,0.006636,NA
"754",1432166400,2015-05-21,235.34,0.006573,NA
"755",1432252800,2015-05-22,240.35,0.006649,NA
"756",1432339200,2015-05-23,238.87,0.0068,NA
"757",1432425600,2015-05-24,240.95,0.006809,NA
"758",1432512000,2015-05-25,237.11,0.006925,NA
"759",1432598400,2015-05-26,237.12,0.006794,NA
"760",1432684800,2015-05-27,237.28,0.006937,NA
"761",1432771200,2015-05-28,237.41,0.007857,NA
"762",1432857600,2015-05-29,237.1,0.009056,NA
"763",1432944000,2015-05-30,233.34,0.008409,NA
"764",1433030400,2015-05-31,230.19,0.00829,NA
"765",1433116800,2015-06-01,222.93,0.007579,NA
"766",1433203200,2015-06-02,225.8,0.007981,NA
"767",1433289600,2015-06-03,225.87,0.008012,NA
"768",1433376000,2015-06-04,224.32,0.007879,NA
"769",1433462400,2015-06-05,224.95,0.007956,NA
"770",1433548800,2015-06-06,225.62,0.007905,NA
"771",1433635200,2015-06-07,222.88,0.007874,NA
"772",1433721600,2015-06-08,228.49,0.007999,NA
"773",1433808000,2015-06-09,229.05,0.007995,NA
"774",1433894400,2015-06-10,228.8,0.007999,NA
"775",1433980800,2015-06-11,229.71,0.008042,NA
"776",1434067200,2015-06-12,229.98,0.008057,NA
"777",1434153600,2015-06-13,232.4,0.008093,NA
"778",1434240000,2015-06-14,233.54,0.008147,NA
"779",1434326400,2015-06-15,236.82,0.008579,NA
"780",1434412800,2015-06-16,250.9,0.009424,NA
"781",1434499200,2015-06-17,249.28,0.009678,NA
"782",1434585600,2015-06-18,249.01,0.010252,NA
"783",1434672000,2015-06-19,244.61,0.011207,NA
"784",1434758400,2015-06-20,245.21,0.011039,NA
"785",1434844800,2015-06-21,243.94,0.010314,NA
"786",1434931200,2015-06-22,246.99,0.010567,NA
"787",1435017600,2015-06-23,244.3,0.010667,NA
"788",1435104000,2015-06-24,240.51,0.010914,NA
"789",1435190400,2015-06-25,242.8,0.011048,NA
"790",1435276800,2015-06-26,243.59,0.011288,NA
"791",1435363200,2015-06-27,250.99,0.011445,NA
"792",1435449600,2015-06-28,249.01,0.011467,NA
"793",1435536000,2015-06-29,257.06,0.011977,NA
"794",1435622400,2015-06-30,263.07,0.011319,NA
"795",1435708800,2015-07-01,258.62,0.011198,NA
"796",1435795200,2015-07-02,255.41,0.011037,NA
"797",1435881600,2015-07-03,256.34,0.011099,NA
"798",1435968000,2015-07-04,260.89,0.010782,NA
"799",1436054400,2015-07-05,271.91,0.010021,NA
"800",1436140800,2015-07-06,269.03,0.009873,NA
"801",1436227200,2015-07-07,266.21,0.00958,NA
"802",1436313600,2015-07-08,270.79,0.009449,NA
"803",1436400000,2015-07-09,269.23,0.008987,NA
"804",1436486400,2015-07-10,284.89,0.008847,NA
"805",1436572800,2015-07-11,293.12,0.008615,NA
"806",1436659200,2015-07-12,310.87,0.008614,NA
"807",1436745600,2015-07-13,292.05,0.008569,NA
"808",1436832000,2015-07-14,287.46,0.008631,NA
"809",1436918400,2015-07-15,285.83,0.008516,NA
"810",1437004800,2015-07-16,278.09,0.008062,NA
"811",1437091200,2015-07-17,279.47,0.008026,NA
"812",1437177600,2015-07-18,274.9,0.00806,NA
"813",1437264000,2015-07-19,273.61,0.008091,NA
"814",1437350400,2015-07-20,278.98,0.007948,NA
"815",1437436800,2015-07-21,275.83,0.007711,NA
"816",1437523200,2015-07-22,277.22,0.007579,NA
"817",1437609600,2015-07-23,276.05,0.007487,NA
"818",1437696000,2015-07-24,288.28,0.007656,NA
"819",1437782400,2015-07-25,288.7,0.007888,NA
"820",1437868800,2015-07-26,292.69,0.008115,NA
"821",1437955200,2015-07-27,293.62,0.008562,NA
"822",1438041600,2015-07-28,294.43,0.008449,NA
"823",1438128000,2015-07-29,289.59,0.008519,NA
"824",1438214400,2015-07-30,287.72,0.008491,NA
"825",1438300800,2015-07-31,284.65,0.008437,NA
"826",1438387200,2015-08-01,281.6,0.008222,NA
"827",1438473600,2015-08-02,282.61,0.00823,NA
"828",1438560000,2015-08-03,281.23,0.008281,NA
"829",1438646400,2015-08-04,285.22,0.008271,NA
"830",1438732800,2015-08-05,281.88,0.008224,NA
"831",1438819200,2015-08-06,278.58,0.008024,NA
"832",1438905600,2015-08-07,279.58,0.008152,2.77
"833",1438992000,2015-08-08,261,0.008476,0.753325
"834",1439078400,2015-08-09,265.08,0.008808,0.701897
"835",1439164800,2015-08-10,264.47,0.00875,0.708448
"836",1439251200,2015-08-11,270.39,0.008591,1.07
"837",1439337600,2015-08-12,266.38,0.008271,1.22
"838",1439424000,2015-08-13,264.08,0.008147,1.83
"839",1439510400,2015-08-14,265.68,0.008337,1.83
"840",1439596800,2015-08-15,261.55,0.00842,1.69
"841",1439683200,2015-08-16,258.51,0.008315,1.57
"842",1439769600,2015-08-17,257.98,0.008301,1.2
"843",1439856000,2015-08-18,211.08,0.007552,1.09
"844",1439942400,2015-08-19,226.68,0.007758,1.26
"845",1440028800,2015-08-20,235.35,0.007872,1.46
"846",1440115200,2015-08-21,232.57,0.007881,1.4
"847",1440201600,2015-08-22,230.39,0.007722,1.38
"848",1440288000,2015-08-23,228.17,0.007552,1.35
"849",1440374400,2015-08-24,210.5,0.007397,1.23
"850",1440460800,2015-08-25,221.61,0.007126,1.14
"851",1440547200,2015-08-26,225.83,0.007492,1.16
"852",1440633600,2015-08-27,224.77,0.007551,1.15
"853",1440720000,2015-08-28,231.4,0.007433,1.19
"854",1440806400,2015-08-29,229.78,0.007751,1.18
"855",1440892800,2015-08-30,228.76,0.00805,1.32
"856",1440979200,2015-08-31,230.06,0.007884,1.36
"857",1441065600,2015-09-01,228.12,0.007815,1.35
"858",1441152000,2015-09-02,229.28,0.0077,1.29
"859",1441238400,2015-09-03,227.18,0.007431,1.26
"860",1441324800,2015-09-04,230.3,0.007355,1.27
"861",1441411200,2015-09-05,235.02,0.00786,1.34
"862",1441497600,2015-09-06,239.84,0.007891,1.3
"863",1441584000,2015-09-07,239.85,0.007918,1.25
"864",1441670400,2015-09-08,243.61,0.007831,1.24
"865",1441756800,2015-09-09,238.17,0.007678,1.21
"866",1441843200,2015-09-10,238.48,0.007663,1.17
"867",1441929600,2015-09-11,240.11,0.008444,0.982978
"868",1442016000,2015-09-12,235.23,0.008197,1.04
"869",1442102400,2015-09-13,230.51,0.008532,0.936003
"870",1442188800,2015-09-14,230.64,0.007404,0.875622
"871",1442275200,2015-09-15,230.3,0.00772,0.94441
"872",1442361600,2015-09-16,229.09,0.007426,0.907175
"873",1442448000,2015-09-17,229.81,0.007372,0.874231
"874",1442534400,2015-09-18,232.97,0.007529,0.853685
"875",1442620800,2015-09-19,231.49,0.007482,0.882391
"876",1442707200,2015-09-20,231.21,0.007637,0.938445
"877",1442793600,2015-09-21,227.09,0.007247,0.919047
"878",1442880000,2015-09-22,230.62,0.007168,0.901796
"879",1442966400,2015-09-23,230.28,0.006668,0.893406
"880",1443052800,2015-09-24,234.53,0.00671,0.81361
"881",1443139200,2015-09-25,235.14,0.00665,0.736223
"882",1443225600,2015-09-26,234.34,0.006501,0.785964
"883",1443312000,2015-09-27,232.76,0.006536,0.720839
"884",1443398400,2015-09-28,239.14,0.006293,0.582886
"885",1443484800,2015-09-29,236.69,0.005579,0.661146
"886",1443571200,2015-09-30,236.06,0.00552,0.738644
"887",1443657600,2015-10-01,237.55,0.005448,0.690215
"888",1443744000,2015-10-02,237.29,0.005868,0.678574
"889",1443830400,2015-10-03,238.73,0.005517,0.687171
"890",1443916800,2015-10-04,238.26,0.005236,0.668379
"891",1444003200,2015-10-05,240.38,0.005008,0.628643
"892",1444089600,2015-10-06,246.06,0.005328,0.650645
"893",1444176000,2015-10-07,242.97,0.005375,0.609388
"894",1444262400,2015-10-08,242.3,0.005031,0.621716
"895",1444348800,2015-10-09,243.93,0.004983,0.650628
"896",1444435200,2015-10-10,244.94,0.005037,0.627857
"897",1444521600,2015-10-11,247.05,0.005182,0.634963
"898",1444608000,2015-10-12,245.31,0.00526,0.62603
"899",1444694400,2015-10-13,249.51,0.005377,0.607655
"900",1444780800,2015-10-14,251.99,0.005418,0.522968
"901",1444867200,2015-10-15,254.32,0.005399,0.561878
"902",1444953600,2015-10-16,262.87,0.005398,0.536495
"903",1445040000,2015-10-17,270.64,0.005203,0.547178
"904",1445126400,2015-10-18,261.64,0.004979,0.517734
"905",1445212800,2015-10-19,263.44,0.005043,0.489014
"906",1445299200,2015-10-20,269.46,0.004731,0.434829
"907",1445385600,2015-10-21,266.27,0.004697,0.447329
"908",1445472000,2015-10-22,274.02,0.004723,0.567702
"909",1445558400,2015-10-23,276.5,0.004677,0.539657
"910",1445644800,2015-10-24,281.65,0.004662,0.56359
"911",1445731200,2015-10-25,283.68,0.004556,0.616039
"912",1445817600,2015-10-26,285.3,0.004675,0.731317
"913",1445904000,2015-10-27,293.79,0.004649,0.869641
"914",1445990400,2015-10-28,304.62,0.004675,1
"915",1446076800,2015-10-29,313.86,0.004634,1.21
"916",1446163200,2015-10-30,328.01,0.004839,1.04
"917",1446249600,2015-10-31,314.17,0.004687,0.916627
"918",1446336000,2015-11-01,325.43,0.004901,1.06
"919",1446422400,2015-11-02,361.19,0.005156,0.989789
"920",1446508800,2015-11-03,403.42,0.005383,1.01
"921",1446595200,2015-11-04,411.56,0.004947,0.89905
"922",1446681600,2015-11-05,386.35,0.004506,0.895637
"923",1446768000,2015-11-06,374.47,0.004562,0.926032
"924",1446854400,2015-11-07,386.48,0.004694,0.927974
"925",1446940800,2015-11-08,373.37,0.004647,1.03
"926",1447027200,2015-11-09,380.26,0.004609,0.999278
"927",1447113600,2015-11-10,336.82,0.004406,0.934348
"928",1447200000,2015-11-11,311.08,0.004264,0.791829
"929",1447286400,2015-11-12,338.15,0.004541,0.895711
"930",1447372800,2015-11-13,336.75,0.004477,0.904096
"931",1447459200,2015-11-14,332.91,0.004328,0.888812
"932",1447545600,2015-11-15,320.17,0.004165,0.906368
"933",1447632000,2015-11-16,330.75,0.004234,0.928962
"934",1447718400,2015-11-17,335.09,0.00425,1.01
"935",1447804800,2015-11-18,334.59,0.004258,0.993319
"936",1447891200,2015-11-19,326.15,0.004222,0.955532
"937",1447977600,2015-11-20,322.02,0.004227,0.92492
"938",1448064000,2015-11-21,326.93,0.004245,0.97614
"939",1448150400,2015-11-22,324.54,0.004267,0.968018
"940",1448236800,2015-11-23,323.05,0.004288,0.946969
"941",1448323200,2015-11-24,320.05,0.004242,0.900191
"942",1448409600,2015-11-25,328.21,0.004318,0.863537
"943",1448496000,2015-11-26,352.68,0.004291,0.884183
"944",1448582400,2015-11-27,358.04,0.004276,0.867951
"945",1448668800,2015-11-28,357.38,0.004238,0.915703
"946",1448755200,2015-11-29,371.29,0.004299,0.878614
"947",1448841600,2015-11-30,377.32,0.004201,0.873119
"948",1448928000,2015-12-01,362.49,0.00409,0.8748
"949",1449014400,2015-12-02,359.19,0.004173,0.82121
"950",1449100800,2015-12-03,361.05,0.004262,0.812143
"951",1449187200,2015-12-04,363.18,0.004754,0.840041
"952",1449273600,2015-12-05,388.95,0.005301,0.862438
"953",1449360000,2015-12-06,388.78,0.005344,0.8355
"954",1449446400,2015-12-07,395.54,0.00556,0.811264
"955",1449532800,2015-12-08,415.56,0.006775,0.822118
"956",1449619200,2015-12-09,417.56,0.008523,0.792167
"957",1449705600,2015-12-10,415.48,0.008444,0.840396
"958",1449792000,2015-12-11,451.94,0.008441,0.929762
"959",1449878400,2015-12-12,435,0.008536,0.976973
"960",1449964800,2015-12-13,433.75,0.008779,0.952884
"961",1450051200,2015-12-14,444.18,0.007614,0.993022
"962",1450137600,2015-12-15,465.32,0.006684,1.01
"963",1450224000,2015-12-16,454.93,0.006755,0.991182
"964",1450310400,2015-12-17,456.08,0.006694,0.940701
"965",1450396800,2015-12-18,463.62,0.006387,0.920127
"966",1450483200,2015-12-19,462.32,0.006291,0.908072
"967",1450569600,2015-12-20,442.69,0.006235,0.903885
"968",1450656000,2015-12-21,438.64,0.006269,0.900771
"969",1450742400,2015-12-22,436.57,0.006193,0.864202
"970",1450828800,2015-12-23,442.4,0.006021,0.858077
"971",1450915200,2015-12-24,454.99,0.005971,0.863262
"972",1451001600,2015-12-25,455.65,0.006487,0.870363
"973",1451088000,2015-12-26,417.27,0.006174,0.854603
"974",1451174400,2015-12-27,422.82,0.006343,0.856365
"975",1451260800,2015-12-28,422.28,0.00634,0.845005
"976",1451347200,2015-12-29,432.98,0.006264,0.873054
"977",1451433600,2015-12-30,426.62,0.006182,0.911958
"978",1451520000,2015-12-31,430.57,0.00604,0.933542
"979",1451606400,2016-01-01,434.33,0.005955,0.948024
"980",1451692800,2016-01-02,433.44,0.006065,0.937124
"981",1451779200,2016-01-03,430.01,0.006017,0.971905
"982",1451865600,2016-01-04,433.09,0.005958,0.95448
"983",1451952000,2016-01-05,431.96,0.006044,0.950176
"984",1452038400,2016-01-06,429.11,0.006003,0.95086
"985",1452124800,2016-01-07,458.05,0.006039,0.942005
"986",1452211200,2016-01-08,453.23,0.005933,0.986789
"987",1452297600,2016-01-09,447.61,0.005982,0.986833
"988",1452384000,2016-01-10,447.99,0.005956,0.999231
"989",1452470400,2016-01-11,448.43,0.005895,1.06
"990",1452556800,2016-01-12,435.69,0.005854,1.14
"991",1452643200,2016-01-13,432.37,0.005794,1.13
"992",1452729600,2016-01-14,430.31,0.005529,1.19
"993",1452816000,2016-01-15,364.33,0.005229,1.21
"994",1452902400,2016-01-16,387.54,0.005112,1.22
"995",1452988800,2016-01-17,382.3,0.005266,1.33
"996",1453075200,2016-01-18,387.17,0.005326,1.43
"997",1453161600,2016-01-19,380.15,0.005271,1.37
"998",1453248000,2016-01-20,420.23,0.005381,1.53
"999",1453334400,2016-01-21,410.26,0.005313,1.55
"1000",1453420800,2016-01-22,382.49,0.005114,1.5
"1001",1453507200,2016-01-23,387.49,0.00512,1.97
"1002",1453593600,2016-01-24,402.97,0.005219,2.14
"1003",1453680000,2016-01-25,391.73,0.005135,2.5
"1004",1453766400,2016-01-26,392.15,0.005419,2.28
"1005",1453852800,2016-01-27,394.97,0.006506,2.39
"1006",1453939200,2016-01-28,380.29,0.006226,2.53
"1007",1454025600,2016-01-29,379.47,0.00684,2.49
"1008",1454112000,2016-01-30,378.25,0.006634,2.45
"1009",1454198400,2016-01-31,368.77,0.006399,2.31
"1010",1454284800,2016-02-01,373.06,0.006542,2.21
"1011",1454371200,2016-02-02,374.45,0.006768,2.44
"1012",1454457600,2016-02-03,369.95,0.006883,2.53
"1013",1454544000,2016-02-04,389.59,0.00697,2.58
"1014",1454630400,2016-02-05,386.55,0.007262,2.54
"1015",1454716800,2016-02-06,376.52,0.007922,2.53
"1016",1454803200,2016-02-07,376.62,0.008338,2.96
"1017",1454889600,2016-02-08,373.45,0.007991,3.18
"1018",1454976000,2016-02-09,376.03,0.007815,4.04
"1019",1455062400,2016-02-10,381.65,0.007853,4.44
"1020",1455148800,2016-02-11,379.65,0.007815,6.01
"1021",1455235200,2016-02-12,384.26,0.007979,5.55
"1022",1455321600,2016-02-13,391.86,0.008257,5.39
"1023",1455408000,2016-02-14,407.23,0.00859,5.24
"1024",1455494400,2016-02-15,400.19,0.008631,5.29
"1025",1455580800,2016-02-16,407.49,0.008451,4.32
"1026",1455667200,2016-02-17,416.32,0.008138,3.76
"1027",1455753600,2016-02-18,422.37,0.007995,4.4
"1028",1455840000,2016-02-19,420.79,0.008245,4.74
"1029",1455926400,2016-02-20,437.16,0.008253,4.34
"1030",1456012800,2016-02-21,438.8,0.0081,4.65
"1031",1456099200,2016-02-22,437.75,0.00805,5.62
"1032",1456185600,2016-02-23,420.74,0.00797,5.59
"1033",1456272000,2016-02-24,424.95,0.008076,6.24
"1034",1456358400,2016-02-25,424.54,0.008027,6.1
"1035",1456444800,2016-02-26,432.15,0.008058,5.92
"1036",1456531200,2016-02-27,432.52,0.007972,6.43
"1037",1456617600,2016-02-28,433.5,0.007889,6.47
"1038",1456704000,2016-02-29,437.7,0.007923,6.34
"1039",1456790400,2016-03-01,435.12,0.008006,7.65
"1040",1456876800,2016-03-02,423.99,0.00803,8.47
"1041",1456963200,2016-03-03,421.65,0.008162,9.29
"1042",1457049600,2016-03-04,410.94,0.008096,10.41
"1043",1457136000,2016-03-05,400.57,0.007878,11
"1044",1457222400,2016-03-06,407.71,0.00786,11.38
"1045",1457308800,2016-03-07,414.32,0.007918,9.55
"1046",1457395200,2016-03-08,413.97,0.007949,9.85
"1047",1457481600,2016-03-09,414.86,0.008056,11.9
"1048",1457568000,2016-03-10,417.13,0.00819,11.3
"1049",1457654400,2016-03-11,421.69,0.008803,11.08
"1050",1457740800,2016-03-12,411.62,0.0087,13.53
"1051",1457827200,2016-03-13,414.06,0.008635,14.47
"1052",1457913600,2016-03-14,416.44,0.008479,12.45
"1053",1458000000,2016-03-15,416.83,0.008186,13.01
"1054",1458086400,2016-03-16,417.01,0.008178,12.52
"1055",1458172800,2016-03-17,420.62,0.008287,11.08
"1056",1458259200,2016-03-18,409.55,0.008119,11
"1057",1458345600,2016-03-19,410.44,0.008016,10.53
"1058",1458432000,2016-03-20,413.75,0.00796,10.32
"1059",1458518400,2016-03-21,413.31,0.008047,11.86
"1060",1458604800,2016-03-22,418.09,0.00811,11.27
"1061",1458691200,2016-03-23,418.04,0.008332,12.42
"1062",1458777600,2016-03-24,416.39,0.00823,11.23
"1063",1458864000,2016-03-25,417.18,0.008191,10.74
"1064",1458950400,2016-03-26,417.94,0.008066,10.97
"1065",1459036800,2016-03-27,426.76,0.008029,10.42
"1066",1459123200,2016-03-28,424.23,0.007564,11.67
"1067",1459209600,2016-03-29,416.52,0.007566,11.66
"1068",1459296000,2016-03-30,414.82,0.007332,11.95
"1069",1459382400,2016-03-31,416.73,0.007391,11.4
"1070",1459468800,2016-04-01,417.96,0.007418,11.66
"1071",1459555200,2016-04-02,420.87,0.007501,11.6
"1072",1459641600,2016-04-03,420.9,0.007503,11.62
"1073",1459728000,2016-04-04,421.44,0.007491,11.16
"1074",1459814400,2016-04-05,424.03,0.007474,10.44
"1075",1459900800,2016-04-06,423.41,0.007296,10.69
"1076",1459987200,2016-04-07,422.75,0.006875,10.07
"1077",1460073600,2016-04-08,420.35,0.006671,9.72
"1078",1460160000,2016-04-09,419.41,0.006288,9.15
"1079",1460246400,2016-04-10,421.56,0.005937,8.94
"1080",1460332800,2016-04-11,422.48,0.006048,8.64
"1081",1460419200,2016-04-12,425.19,0.005885,7.44
"1082",1460505600,2016-04-13,423.73,0.005695,8.04
"1083",1460592000,2016-04-14,424.28,0.006289,8.39
"1084",1460678400,2016-04-15,429.71,0.006424,8.24
"1085",1460764800,2016-04-16,430.57,0.00651,8.61
"1086",1460851200,2016-04-17,427.4,0.006499,9.31
"1087",1460937600,2016-04-18,428.59,0.006987,9.04
"1088",1461024000,2016-04-19,435.51,0.007118,8.71
"1089",1461110400,2016-04-20,441.39,0.007244,8.47
"1090",1461196800,2016-04-21,449.43,0.007433,8.1
"1091",1461283200,2016-04-22,445.74,0.007284,7.82
"1092",1461369600,2016-04-23,450.28,0.007346,8.29
"1093",1461456000,2016-04-24,458.56,0.007251,8
"1094",1461542400,2016-04-25,461.43,0.007283,7.55
"1095",1461628800,2016-04-26,466.09,0.007095,7.4
"1096",1461715200,2016-04-27,444.69,0.006725,7.76
"1097",1461801600,2016-04-28,449.01,0.006686,7.17
"1098",1461888000,2016-04-29,455.1,0.006759,7.46
"1099",1461974400,2016-04-30,448.32,0.006812,8.81
"1100",1462060800,2016-05-01,451.88,0.006791,8.85
"1101",1462147200,2016-05-02,444.67,0.006714,10.16
"1102",1462233600,2016-05-03,450.3,0.00656,9.31
"1103",1462320000,2016-05-04,446.72,0.006323,9.41
"1104",1462406400,2016-05-05,447.98,0.006193,9.83
"1105",1462492800,2016-05-06,459.6,0.006399,9.35
"1106",1462579200,2016-05-07,458.54,0.00649,9.37
"1107",1462665600,2016-05-08,458.55,0.006404,9.48
"1108",1462752000,2016-05-09,460.48,0.006399,9.3
"1109",1462838400,2016-05-10,450.89,0.006272,9.36
"1110",1462924800,2016-05-11,452.73,0.006189,10
"1111",1463011200,2016-05-12,454.77,0.006167,10.06
"1112",1463097600,2016-05-13,455.67,0.006109,10.51
"1113",1463184000,2016-05-14,455.67,0.006073,10.24
"1114",1463270400,2016-05-15,457.57,0.006061,9.96
"1115",1463356800,2016-05-16,454.16,0.006022,11.17
"1116",1463443200,2016-05-17,453.78,0.006023,12.2
"1117",1463529600,2016-05-18,454.62,0.006028,13.56
"1118",1463616000,2016-05-19,438.71,0.006032,14.77
"1119",1463702400,2016-05-20,442.68,0.006084,13.64
"1120",1463788800,2016-05-21,443.19,0.00599,14.02
"1121",1463875200,2016-05-22,439.32,0.005936,14.29
"1122",1463961600,2016-05-23,444.15,0.005909,13.46
"1123",1464048000,2016-05-24,445.98,0.005962,12.73
"1124",1464134400,2016-05-25,449.6,0.005756,12.53
"1125",1464220800,2016-05-26,453.38,0.005669,12.43
"1126",1464307200,2016-05-27,473.46,0.005679,11.3
"1127",1464393600,2016-05-28,530.04,0.005682,11.89
"1128",1464480000,2016-05-29,526.23,0.005662,12.35
"1129",1464566400,2016-05-30,533.86,0.005748,12.73
"1130",1464652800,2016-05-31,531.39,0.005706,14.08
"1131",1464739200,2016-06-01,536.92,0.005809,14
"1132",1464825600,2016-06-02,537.97,0.005766,13.74
"1133",1464912000,2016-06-03,569.19,0.005827,13.85
"1134",1464998400,2016-06-04,572.73,0.00578,13.74
"1135",1465084800,2016-06-05,574.98,0.005796,13.97
"1136",1465171200,2016-06-06,585.54,0.005769,13.93
"1137",1465257600,2016-06-07,576.6,0.00578,14.51
"1138",1465344000,2016-06-08,581.64,0.00577,14.42
"1139",1465430400,2016-06-09,574.63,0.005788,14.4
"1140",1465516800,2016-06-10,577.47,0.005736,13.91
"1141",1465603200,2016-06-11,606.73,0.005766,14.19
"1142",1465689600,2016-06-12,672.78,0.005852,15.74
"1143",1465776000,2016-06-13,704.38,0.005824,17.6
"1144",1465862400,2016-06-14,685.56,0.007105,18.89
"1145",1465948800,2016-06-15,694.47,0.006887,18.35
"1146",1466035200,2016-06-16,766.31,0.006676,20.59
"1147",1466121600,2016-06-17,748.91,0.006693,15.38
"1148",1466208000,2016-06-18,756.23,0.006604,11.33
"1149",1466294400,2016-06-19,763.78,0.006813,12.23
"1150",1466380800,2016-06-20,737.23,0.006626,11.84
"1151",1466467200,2016-06-21,666.65,0.006172,13.31
"1152",1466553600,2016-06-22,596.12,0.006495,13.1
"1153",1466640000,2016-06-23,623.98,0.006381,13.68
"1154",1466726400,2016-06-24,665.3,0.006434,14.33
"1155",1466812800,2016-06-25,665.12,0.006414,14.28
"1156",1466899200,2016-06-26,629.37,0.0064,13.85
"1157",1466985600,2016-06-27,655.27,0.006398,13.88
"1158",1467072000,2016-06-28,647,0.006773,12.18
"1159",1467158400,2016-06-29,639.89,0.006777,12.61
"1160",1467244800,2016-06-30,673.34,0.006657,12.46
"1161",1467331200,2016-07-01,676.3,0.006787,12.2
"1162",1467417600,2016-07-02,703.7,0.006699,12.13
"1163",1467504000,2016-07-03,658.66,0.006607,11.72
"1164",1467590400,2016-07-04,683.66,0.007028,11.47
"1165",1467676800,2016-07-05,670.63,0.006699,10.61
"1166",1467763200,2016-07-06,677.33,0.006691,10.53
"1167",1467849600,2016-07-07,640.56,0.006598,10.11
"1168",1467936000,2016-07-08,666.52,0.006715,11.39
"1169",1468022400,2016-07-09,650.96,0.006679,10.97
"1170",1468108800,2016-07-10,649.36,0.006674,10.95
"1171",1468195200,2016-07-11,647.66,0.006534,10.46
"1172",1468281600,2016-07-12,664.55,0.00635,10.52
"1173",1468368000,2016-07-13,654.47,0.006411,10.5
"1174",1468454400,2016-07-14,658.08,0.006385,11.51
"1175",1468540800,2016-07-15,663.25,0.006442,11.95
"1176",1468627200,2016-07-16,660.77,0.006572,11.65
"1177",1468713600,2016-07-17,679.46,0.006538,11.16
"1178",1468800000,2016-07-18,673.11,0.006482,11.03
"1179",1468886400,2016-07-19,672.86,0.006405,11.62
"1180",1468972800,2016-07-20,665.68,0.006395,12.45
"1181",1469059200,2016-07-21,665.01,0.006416,12.65
"1182",1469145600,2016-07-22,650.62,0.006303,14.66
"1183",1469232000,2016-07-23,655.56,0.006317,14.3
"1184",1469318400,2016-07-24,661.28,0.006286,12.75
"1185",1469404800,2016-07-25,654.1,0.006246,13.84
"1186",1469491200,2016-07-26,651.78,0.005998,11.99
"1187",1469577600,2016-07-27,654.35,0.005969,12.97
"1188",1469664000,2016-07-28,655.03,0.005974,12.84
"1189",1469750400,2016-07-29,656.99,0.006111,12.79
"1190",1469836800,2016-07-30,655.05,0.006121,12.46
"1191",1469923200,2016-07-31,624.68,0.005945,11.88
"1192",1470009600,2016-08-01,606.27,0.005906,10.94
"1193",1470096000,2016-08-02,547.47,0.00569,8.79
"1194",1470182400,2016-08-03,566.36,0.005646,10.29
"1195",1470268800,2016-08-04,578.29,0.005816,11.04
"1196",1470355200,2016-08-05,575.04,0.006447,10.93
"1197",1470441600,2016-08-06,587.78,0.006337,10.88
"1198",1470528000,2016-08-07,592.69,0.006178,10.91
"1199",1470614400,2016-08-08,591.05,0.006027,11.25
"1200",1470700800,2016-08-09,587.8,0.006163,12.24
"1201",1470787200,2016-08-10,592.1,0.006194,12.14
"1202",1470873600,2016-08-11,589.12,0.006189,11.69
"1203",1470960000,2016-08-12,587.56,0.006123,11.78
"1204",1471046400,2016-08-13,585.59,0.006092,11.57
"1205",1471132800,2016-08-14,570.47,0.005994,11.19
"1206",1471219200,2016-08-15,567.24,0.006045,11.22
"1207",1471305600,2016-08-16,577.44,0.00614,11.14
"1208",1471392000,2016-08-17,573.22,0.006109,10.75
"1209",1471478400,2016-08-18,574.32,0.006122,10.76
"1210",1471564800,2016-08-19,575.63,0.006119,10.75
"1211",1471651200,2016-08-20,581.7,0.006114,11.25
"1212",1471737600,2016-08-21,581.31,0.006052,11.18
"1213",1471824000,2016-08-22,586.75,0.006,11.12
"1214",1471910400,2016-08-23,583.41,0.006019,11.03
"1215",1471996800,2016-08-24,580.18,0.006052,11.04
"1216",1472083200,2016-08-25,577.76,0.006079,11.36
"1217",1472169600,2016-08-26,579.65,0.00603,11.3
"1218",1472256000,2016-08-27,569.95,0.005975,11.15
"1219",1472342400,2016-08-28,573.91,0.005963,10.93
"1220",1472428800,2016-08-29,574.11,0.006131,10.98
"1221",1472515200,2016-08-30,577.5,0.006026,11.23
"1222",1472601600,2016-08-31,575.47,0.006012,11.67
"1223",1472688000,2016-09-01,572.3,0.005984,11.99
"1224",1472774400,2016-09-02,575.54,0.00597,12.11
"1225",1472860800,2016-09-03,598.21,0.005964,11.76
"1226",1472947200,2016-09-04,608.63,0.005954,11.68
"1227",1473033600,2016-09-05,606.59,0.005932,11.72
"1228",1473120000,2016-09-06,610.44,0.005912,11.69
"1229",1473206400,2016-09-07,614.54,0.005892,11.55
"1230",1473292800,2016-09-08,626.32,0.005902,11.35
"1231",1473379200,2016-09-09,622.86,0.005869,11.65
"1232",1473465600,2016-09-10,623.51,0.00587,12.17
"1233",1473552000,2016-09-11,606.72,0.005842,11.64
"1234",1473638400,2016-09-12,608.24,0.005897,11.89
"1235",1473724800,2016-09-13,609.24,0.005886,11.92
"1236",1473811200,2016-09-14,610.68,0.005961,11.92
"1237",1473897600,2016-09-15,607.15,0.008303,11.94
"1238",1473984000,2016-09-16,606.97,0.007446,12.56
"1239",1474070400,2016-09-17,605.98,0.007018,12.7
"1240",1474156800,2016-09-18,609.87,0.006853,12.43
"1241",1474243200,2016-09-19,609.23,0.006858,13.19
"1242",1474329600,2016-09-20,608.31,0.006785,14.43
"1243",1474416000,2016-09-21,597.15,0.006829,13.77
"1244",1474502400,2016-09-22,596.3,0.006843,13.25
"1245",1474588800,2016-09-23,602.84,0.007211,13.33
"1246",1474675200,2016-09-24,602.63,0.007362,12.88
"1247",1474761600,2016-09-25,600.83,0.007855,13.1
"1248",1474848000,2016-09-26,608.04,0.007963,12.82
"1249",1474934400,2016-09-27,606.17,0.008229,13.1
"1250",1475020800,2016-09-28,604.73,0.009048,13.27
"1251",1475107200,2016-09-29,605.69,0.008914,13.07
"1252",1475193600,2016-09-30,609.74,0.00883,13.22
"1253",1475280000,2016-10-01,613.98,0.008205,13.17
"1254",1475366400,2016-10-02,610.89,0.008165,13.2
"1255",1475452800,2016-10-03,612.13,0.008089,13.45
"1256",1475539200,2016-10-04,610.2,0.007853,13.28
"1257",1475625600,2016-10-05,612.51,0.007435,13.04
"1258",1475712000,2016-10-06,613.02,0.007382,12.85
"1259",1475798400,2016-10-07,617.12,0.007377,12.67
"1260",1475884800,2016-10-08,619.11,0.00731,12.22
"1261",1475971200,2016-10-09,616.75,0.007543,12.05
"1262",1476057600,2016-10-10,618.99,0.007978,11.76
"1263",1476144000,2016-10-11,641.07,0.008234,11.79
"1264",1476230400,2016-10-12,636.19,0.007949,11.93
"1265",1476316800,2016-10-13,636.79,0.007982,11.96
"1266",1476403200,2016-10-14,640.38,0.008767,11.94
"1267",1476489600,2016-10-15,638.65,0.008146,11.98
"1268",1476576000,2016-10-16,641.63,0.008078,11.95
"1269",1476662400,2016-10-17,639.19,0.00803,12.01
"1270",1476748800,2016-10-18,637.96,0.00835,12.59
"1271",1476835200,2016-10-19,630.52,0.008627,12.02
"1272",1476921600,2016-10-20,630.86,0.009092,12.1
"1273",1477008000,2016-10-21,632.83,0.009029,12.18
"1274",1477094400,2016-10-22,657.29,0.008972,12.07
"1275",1477180800,2016-10-23,657.07,0.009454,12.04
"1276",1477267200,2016-10-24,653.76,0.009065,11.97
"1277",1477353600,2016-10-25,657.59,0.008891,11.41
"1278",1477440000,2016-10-26,678.3,0.008835,11.53
"1279",1477526400,2016-10-27,688.31,0.008481,11.5
"1280",1477612800,2016-10-28,689.65,0.008143,11.09
"1281",1477699200,2016-10-29,714.48,0.007732,10.44
"1282",1477785600,2016-10-30,701.86,0.008014,11.18
"1283",1477872000,2016-10-31,700.97,0.008196,11
"1284",1477958400,2016-11-01,729.79,0.008102,10.77
"1285",1478044800,2016-11-02,740.83,0.008222,10.75
"1286",1478131200,2016-11-03,688.7,0.008021,10.8
"1287",1478217600,2016-11-04,703.24,0.008157,11.09
"1288",1478304000,2016-11-05,703.42,0.00823,11
"1289",1478390400,2016-11-06,711.52,0.008193,10.87
"1290",1478476800,2016-11-07,703.13,0.008108,10.81
"1291",1478563200,2016-11-08,709.85,0.008206,10.83
"1292",1478649600,2016-11-09,723.27,0.008079,10.66
"1293",1478736000,2016-11-10,715.53,0.008136,10.52
"1294",1478822400,2016-11-11,716.41,0.008065,10.29
"1295",1478908800,2016-11-12,705.05,0.008044,9.88
"1296",1478995200,2016-11-13,702.03,0.008257,10.1
"1297",1479081600,2016-11-14,705.02,0.008098,9.97
"1298",1479168000,2016-11-15,711.62,0.007881,10.22
"1299",1479254400,2016-11-16,744.2,0.007842,10.06
"1300",1479340800,2016-11-17,740.98,0.007727,9.99
"1301",1479427200,2016-11-18,751.59,0.007778,9.48
"1302",1479513600,2016-11-19,751.62,0.007799,9.66
"1303",1479600000,2016-11-20,731.03,0.007651,9.58
"1304",1479686400,2016-11-21,739.25,0.007566,9.62
"1305",1479772800,2016-11-22,751.35,0.007434,9.91
"1306",1479859200,2016-11-23,744.59,0.007061,9.84
"1307",1479945600,2016-11-24,740.29,0.00695,9.23
"1308",1480032000,2016-11-25,741.65,0.006902,9.4
"1309",1480118400,2016-11-26,735.38,0.00739,9.33
"1310",1480204800,2016-11-27,732.03,0.007074,9
"1311",1480291200,2016-11-28,735.81,0.007008,8.72
"1312",1480377600,2016-11-29,735.6,0.00678,8.17
"1313",1480464000,2016-11-30,745.69,0.006723,8.59
"1314",1480550400,2016-12-01,756.77,0.006702,8.45
"1315",1480636800,2016-12-02,777.94,0.00666,7.76
"1316",1480723200,2016-12-03,771.15,0.006588,7.92
"1317",1480809600,2016-12-04,773.87,0.006527,7.44
"1318",1480896000,2016-12-05,758.7,0.006434,6.82
"1319",1480982400,2016-12-06,764.22,0.006655,7.87
"1320",1481068800,2016-12-07,768.13,0.006851,8.38
"1321",1481155200,2016-12-08,770.81,0.007097,8.23
"1322",1481241600,2016-12-09,772.79,0.007135,8.45
"1323",1481328000,2016-12-10,774.65,0.006816,8.13
"1324",1481414400,2016-12-11,769.73,0.006744,8.19
"1325",1481500800,2016-12-12,780.09,0.006778,8.52
"1326",1481587200,2016-12-13,780.56,0.006708,8.42
"1327",1481673600,2016-12-14,781.48,0.006705,8.27
"1328",1481760000,2016-12-15,778.09,0.006662,7.83
"1329",1481846400,2016-12-16,784.91,0.00671,7.86
"1330",1481932800,2016-12-17,790.83,0.006541,7.88
"1331",1482019200,2016-12-18,790.53,0.006574,7.87
"1332",1482105600,2016-12-19,792.71,0.006545,7.64
"1333",1482192000,2016-12-20,800.88,0.0065,7.66
"1334",1482278400,2016-12-21,834.28,0.006445,7.91
"1335",1482364800,2016-12-22,864.54,0.006363,7.58
"1336",1482451200,2016-12-23,921.98,0.006286,7.17
"1337",1482537600,2016-12-24,898.82,0.006349,7.27
"1338",1482624000,2016-12-25,896.18,0.006444,7.18
"1339",1482710400,2016-12-26,907.61,0.006326,7.27
"1340",1482796800,2016-12-27,933.2,0.006199,7.17
"1341",1482883200,2016-12-28,975.92,0.006173,7.52
"1342",1482969600,2016-12-29,973.5,0.006341,8.28
"1343",1483056000,2016-12-30,961.24,0.006426,8.16
"1344",1483142400,2016-12-31,963.74,0.006449,7.97
"1345",1483228800,2017-01-01,998.33,0.006368,8.17
"1346",1483315200,2017-01-02,1021.75,0.006311,8.38
"1347",1483401600,2017-01-03,1043.84,0.006386,9.73
"1348",1483488000,2017-01-04,1154.73,0.00657,11.25
"1349",1483574400,2017-01-05,1013.38,0.006201,10.25
"1350",1483660800,2017-01-06,902.2,0.006315,10.25
"1351",1483747200,2017-01-07,908.59,0.006366,9.87
"1352",1483833600,2017-01-08,911.2,0.006233,10.29
"1353",1483920000,2017-01-09,902.83,0.006167,10.33
"1354",1484006400,2017-01-10,907.68,0.006698,10.55
"1355",1484092800,2017-01-11,777.76,0.006411,9.72
"1356",1484179200,2017-01-12,804.83,0.006423,9.86
"1357",1484265600,2017-01-13,823.98,0.006596,9.77
"1358",1484352000,2017-01-14,818.41,0.006863,9.65
"1359",1484438400,2017-01-15,821.8,0.006726,9.9
"1360",1484524800,2017-01-16,831.53,0.006788,9.64
"1361",1484611200,2017-01-17,907.94,0.0068,10.3
"1362",1484697600,2017-01-18,886.62,0.006709,10.23
"1363",1484784000,2017-01-19,899.07,0.007034,10.4
"1364",1484870400,2017-01-20,895.03,0.006675,10.6
"1365",1484956800,2017-01-21,921.79,0.006706,10.91
"1366",1485043200,2017-01-22,924.67,0.006713,10.7
"1367",1485129600,2017-01-23,921.01,0.006697,10.82
"1368",1485216000,2017-01-24,892.69,0.00654,10.63
"1369",1485302400,2017-01-25,901.54,0.006513,10.57
"1370",1485388800,2017-01-26,917.59,0.00669,10.59
"1371",1485475200,2017-01-27,919.75,0.006415,10.54
"1372",1485561600,2017-01-28,921.59,0.006342,10.56
"1373",1485648000,2017-01-29,919.5,0.006402,10.48
"1374",1485734400,2017-01-30,920.38,0.006381,10.57
"1375",1485820800,2017-01-31,970.4,0.006314,10.73
"1376",1485907200,2017-02-01,989.02,0.00654,10.73
"1377",1485993600,2017-02-02,1011.8,0.006469,10.82
"1378",1486080000,2017-02-03,1029.91,0.006474,11.11
"1379",1486166400,2017-02-04,1042.9,0.006492,11.43
"1380",1486252800,2017-02-05,1027.34,0.006442,11.35
"1381",1486339200,2017-02-06,1038.15,0.00645,11.39
"1382",1486425600,2017-02-07,1061.35,0.006407,11.52
"1383",1486512000,2017-02-08,1063.07,0.006438,11.43
"1384",1486598400,2017-02-09,994.38,0.006374,11.03
"1385",1486684800,2017-02-10,988.67,0.006289,11.28
"1386",1486771200,2017-02-11,1004.45,0.006333,11.35
"1387",1486857600,2017-02-12,999.18,0.006269,11.4
"1388",1486944000,2017-02-13,990.64,0.006251,11.27
"1389",1487030400,2017-02-14,1004.55,0.006278,13.03
"1390",1487116800,2017-02-15,1007.48,0.006147,12.92
"1391",1487203200,2017-02-16,1027.44,0.006027,12.9
"1392",1487289600,2017-02-17,1046.21,0.005935,12.68
"1393",1487376000,2017-02-18,1054.42,0.005569,12.81
"1394",1487462400,2017-02-19,1047.87,0.005878,12.76
"1395",1487548800,2017-02-20,1079.98,0.005873,12.43
"1396",1487635200,2017-02-21,1115.3,0.005832,12.67
"1397",1487721600,2017-02-22,1117.44,0.00586,12.6
"1398",1487808000,2017-02-23,1166.72,0.005895,13.12
"1399",1487894400,2017-02-24,1173.68,0.005701,13.07
"1400",1487980800,2017-02-25,1143.84,0.005665,13.55
"1401",1488067200,2017-02-26,1165.2,0.005671,14.52
"1402",1488153600,2017-02-27,1179.97,0.005609,15.4
"1403",1488240000,2017-02-28,1179.97,0.005536,15.82
"1404",1488326400,2017-03-01,1222.5,0.005408,17.35
"1405",1488412800,2017-03-02,1251.01,0.005991,19.03
"1406",1488499200,2017-03-03,1274.99,0.006339,19.46
"1407",1488585600,2017-03-04,1255.15,0.006299,18.62
"1408",1488672000,2017-03-05,1267.12,0.006129,19.3
"1409",1488758400,2017-03-06,1272.83,0.006057,19.61
"1410",1488844800,2017-03-07,1223.54,0.006534,18.89
"1411",1488931200,2017-03-08,1150,0.006509,16.65
"1412",1489017600,2017-03-09,1188.49,0.006498,17.75
"1413",1489104000,2017-03-10,1116.72,0.006227,19.33
"1414",1489190400,2017-03-11,1175.83,0.006238,21.47
"1415",1489276800,2017-03-12,1221.38,0.006255,23.44
"1416",1489363200,2017-03-13,1231.92,0.006385,28.59
"1417",1489449600,2017-03-14,1240,0.006381,28.65
"1418",1489536000,2017-03-15,1249.61,0.006314,35.06
"1419",1489622400,2017-03-16,1187.81,0.006394,46.35
"1420",1489708800,2017-03-17,1100.23,0.006116,46.83
"1421",1489795200,2017-03-18,973.82,0.00671,34.16
"1422",1489881600,2017-03-19,1036.74,0.006912,44.74
"1423",1489968000,2017-03-20,1054.23,0.006975,43.39
"1424",1490054400,2017-03-21,1120.54,0.006909,43.15
"1425",1490140800,2017-03-22,1049.14,0.007301,42.34
"1426",1490227200,2017-03-23,1038.59,0.010582,43.68
"1427",1490313600,2017-03-24,937.52,0.010518,53.11
"1428",1490400000,2017-03-25,972.78,0.009116,51.25
"1429",1490486400,2017-03-26,966.73,0.009545,50.52
"1430",1490572800,2017-03-27,1045.77,0.009597,49.67
"1431",1490659200,2017-03-28,1047.15,0.009514,50.77
"1432",1490745600,2017-03-29,1039.97,0.010101,53.13
"1433",1490832000,2017-03-30,1026.43,0.013276,52.21
"1434",1490918400,2017-03-31,1071.79,0.020889,50.04
"1435",1491004800,2017-04-01,1080.5,0.021892,50.7
"1436",1491091200,2017-04-02,1102.17,0.061159,48.75
"1437",1491177600,2017-04-03,1143.81,0.033023,44.36
"1438",1491264000,2017-04-04,1133.25,0.037455,44.64
"1439",1491350400,2017-04-05,1124.78,0.035544,45.3
"1440",1491436800,2017-04-06,1182.68,0.032665,43.24
"1441",1491523200,2017-04-07,1176.9,0.036319,42.16
"1442",1491609600,2017-04-08,1175.95,0.035849,44.31
"1443",1491696000,2017-04-09,1187.87,0.03402,43.27
"1444",1491782400,2017-04-10,1187.13,0.033598,43.44
"1445",1491868800,2017-04-11,1205.01,0.032952,43.41
"1446",1491955200,2017-04-12,1200.37,0.034336,46.29
"1447",1492041600,2017-04-13,1169.28,0.034383,50.22
"1448",1492128000,2017-04-14,1167.54,0.033779,47.57
"1449",1492214400,2017-04-15,1172.52,0.033955,49.1
"1450",1492300800,2017-04-16,1182.94,0.033462,48.72
"1451",1492387200,2017-04-17,1193.91,0.033655,48.3
"1452",1492473600,2017-04-18,1211.67,0.033183,50.71
"1453",1492560000,2017-04-19,1210.29,0.030173,48.31
"1454",1492646400,2017-04-20,1229.08,0.029984,49.67
"1455",1492732800,2017-04-21,1222.05,0.03278,48.22
"1456",1492819200,2017-04-22,1231.71,0.03177,48.55
"1457",1492905600,2017-04-23,1207.21,0.031278,48.49
"1458",1492992000,2017-04-24,1250.15,0.031384,50.03
"1459",1493078400,2017-04-25,1265.49,0.032346,49.89
"1460",1493164800,2017-04-26,1281.08,0.032797,52.72
"1461",1493251200,2017-04-27,1317.73,0.034816,62.17
"1462",1493337600,2017-04-28,1316.48,0.044475,70.16
"1463",1493424000,2017-04-29,1321.79,0.052868,68.38
"1464",1493510400,2017-04-30,1347.89,0.051607,79.02
"1465",1493596800,2017-05-01,1421.6,0.055115,76.3
"1466",1493683200,2017-05-02,1452.82,0.053908,77.26
"1467",1493769600,2017-05-03,1490.09,0.06049,79.72
"1468",1493856000,2017-05-04,1537.67,0.078914,96.98
"1469",1493942400,2017-05-05,1555.45,0.09355,94.4
"1470",1494028800,2017-05-06,1578.8,0.101791,97.81
"1471",1494115200,2017-05-07,1596.71,0.141763,94.01
"1472",1494201600,2017-05-08,1723.35,0.198212,91.42
"1473",1494288000,2017-05-09,1755.36,0.160074,91.16
"1474",1494374400,2017-05-10,1787.13,0.186066,89.52
"1475",1494460800,2017-05-11,1848.57,0.183135,89.88
"1476",1494547200,2017-05-12,1724.24,0.206068,88.66
"1477",1494633600,2017-05-13,1804.91,0.214878,90.84
"1478",1494720000,2017-05-14,1808.91,0.220223,90.79
"1479",1494806400,2017-05-15,1738.43,0.27072,92.41
"1480",1494892800,2017-05-16,1734.45,0.349861,89.44
"1481",1494979200,2017-05-17,1839.09,0.394132,89.86
"1482",1495065600,2017-05-18,1888.65,0.364869,96.91
"1483",1495152000,2017-05-19,1987.71,0.327801,129.53
"1484",1495238400,2017-05-20,2084.73,0.351634,126.52
"1485",1495324800,2017-05-21,2041.2,0.336201,157.94
"1486",1495411200,2017-05-22,2173.4,0.317954,174.26
"1487",1495497600,2017-05-23,2320.42,0.323368,181.95
"1488",1495584000,2017-05-24,2443.64,0.29589,190.05
"1489",1495670400,2017-05-25,2304.98,0.246065,174.45
"1490",1495756800,2017-05-26,2202.42,0.271808,160.4
"1491",1495843200,2017-05-27,2038.87,0.212549,157.76
"1492",1495929600,2017-05-28,2155.8,0.229554,170.51
"1493",1496016000,2017-05-29,2255.61,0.23207,194.91
"1494",1496102400,2017-05-30,2175.47,0.205324,231.91
"1495",1496188800,2017-05-31,2286.41,0.24659,230.67
"1496",1496275200,2017-06-01,2407.88,0.333657,222.24
"1497",1496361600,2017-06-02,2488.55,0.303448,223.78
"1498",1496448000,2017-06-03,2515.35,0.29458,224.38
"1499",1496534400,2017-06-04,2511.81,0.299413,245.33
"1500",1496620800,2017-06-05,2686.81,0.294003,248.46
"1501",1496707200,2017-06-06,2863.2,0.284548,264.47
"1502",1496793600,2017-06-07,2732.16,0.279783,258.07
"1503",1496880000,2017-06-08,2805.62,0.289678,261.67
"1504",1496966400,2017-06-09,2823.81,0.286019,281.74
"1505",1497052800,2017-06-10,2947.71,0.260874,337.67
"1506",1497139200,2017-06-11,2958.11,0.272759,340.61
"1507",1497225600,2017-06-12,2659.63,0.253964,401.49
"1508",1497312000,2017-06-13,2717.02,0.266153,397.54
"1509",1497398400,2017-06-14,2506.37,0.278447,359.05
"1510",1497484800,2017-06-15,2464.58,0.259266,361.93
"1511",1497571200,2017-06-16,2518.56,0.262068,370.23
"1512",1497657600,2017-06-17,2655.88,0.268351,379.41
"1513",1497744000,2017-06-18,2548.29,0.2846,371.46
"1514",1497830400,2017-06-19,2589.6,0.296068,370.06
"1515",1497916800,2017-06-20,2721.79,0.324427,359
"1516",1498003200,2017-06-21,2689.1,0.296366,336.87
"1517",1498089600,2017-06-22,2705.41,0.297848,336.37
"1518",1498176000,2017-06-23,2744.91,0.319978,341.74
"1519",1498262400,2017-06-24,2608.72,0.31111,323.7
"1520",1498348800,2017-06-25,2589.41,0.298423,303.25
"1521",1498435200,2017-06-26,2478.45,0.277288,272.69
"1522",1498521600,2017-06-27,2552.45,0.276306,293.09
"1523",1498608000,2017-06-28,2574.79,0.280455,327.93
"1524",1498694400,2017-06-29,2539.32,0.265421,302.88
"1525",1498780800,2017-06-30,2480.84,0.26293,294.92
"1526",1498867200,2017-07-01,2434.55,0.254744,274.6
"1527",1498953600,2017-07-02,2506.47,0.259449,287.99
"1528",1499040000,2017-07-03,2564.06,0.259959,282.9
"1529",1499126400,2017-07-04,2601.64,0.254709,273.3
"1530",1499212800,2017-07-05,2601.99,0.256523,268.77
"1531",1499299200,2017-07-06,2608.56,0.254641,270.55
"1532",1499385600,2017-07-07,2518.66,0.23948,245.99
"1533",1499472000,2017-07-08,2571.34,0.236134,251.7
"1534",1499558400,2017-07-09,2518.44,0.233416,242.14
"1535",1499644800,2017-07-10,2372.56,0.203165,215.36
"1536",1499731200,2017-07-11,2337.79,0.185019,197.4
"1537",1499817600,2017-07-12,2398.84,0.205354,230.77
"1538",1499904000,2017-07-13,2357.9,0.200809,209.73
"1539",1499990400,2017-07-14,2233.34,0.190769,199.66
"1540",1500076800,2017-07-15,1998.86,0.170589,170.66
"1541",1500163200,2017-07-16,1929.82,0.148056,157.36
"1542",1500249600,2017-07-17,2228.41,0.177889,193.42
"1543",1500336000,2017-07-18,2318.88,0.188718,234.39
"1544",1500422400,2017-07-19,2273.43,0.168388,199.7
"1545",1500508800,2017-07-20,2817.6,0.188295,227.26
"1546",1500595200,2017-07-21,2667.76,0.182608,218.31
"1547",1500681600,2017-07-22,2810.12,0.19332,229.48
"1548",1500768000,2017-07-23,2730.4,0.195058,225.95
"1549",1500854400,2017-07-24,2754.86,0.192002,224.71
"1550",1500940800,2017-07-25,2576.48,0.178104,206.71
"1551",1501027200,2017-07-26,2529.45,0.173822,203.95
"1552",1501113600,2017-07-27,2671.78,0.173457,204.32
"1553",1501200000,2017-07-28,2809.01,0.165937,193.12
"1554",1501286400,2017-07-29,2726.45,0.169871,205.79
"1555",1501372800,2017-07-30,2757.18,0.165082,197.98
"1556",1501459200,2017-07-31,2875.34,0.167386,203.87
"1557",1501545600,2017-08-01,2718.26,0.177053,226.77
"1558",1501632000,2017-08-02,2710.67,0.173113,219.95
"1559",1501718400,2017-08-03,2804.73,0.174612,225.34
"1560",1501804800,2017-08-04,2895.89,0.173743,223.07
"1561",1501891200,2017-08-05,3252.91,0.184737,256.51
"1562",1501977600,2017-08-06,3213.94,0.180444,261.57
"1563",1502064000,2017-08-07,3378.94,0.179021,269.18
"1564",1502150400,2017-08-08,3419.94,0.192586,296.77
"1565",1502236800,2017-08-09,3342.47,0.182947,296.03
"1566",1502323200,2017-08-10,3381.28,0.180399,295.89
"1567",1502409600,2017-08-11,3650.62,0.179307,308.86
"1568",1502496000,2017-08-12,3884.71,0.173853,310.6
"1569",1502582400,2017-08-13,4073.26,0.168092,298.06
"1570",1502668800,2017-08-14,4325.13,0.169991,300.1
"1571",1502755200,2017-08-15,4181.93,0.161221,289.82
"1572",1502841600,2017-08-16,4376.63,0.160431,302.27
"1573",1502928000,2017-08-17,4331.69,0.157498,301.46
"1574",1503014400,2017-08-18,4160.62,0.158883,295.59
"1575",1503100800,2017-08-19,4193.7,0.155057,297.47
"1576",1503187200,2017-08-20,4087.66,0.158735,301.43
"1577",1503273600,2017-08-21,4001.74,0.191918,321.59
"1578",1503360000,2017-08-22,4100.52,0.239286,314.79
"1579",1503446400,2017-08-23,4151.52,0.246827,317.52
"1580",1503532800,2017-08-24,4334.68,0.218958,325.61
"1581",1503619200,2017-08-25,4371.6,0.217828,331.92
"1582",1503705600,2017-08-26,4352.4,0.212577,333.88
"1583",1503792000,2017-08-27,4382.88,0.202995,347.89
"1584",1503878400,2017-08-28,4382.66,0.224508,347.75
"1585",1503964800,2017-08-29,4579.02,0.218564,370.67
"1586",1504051200,2017-08-30,4565.3,0.228006,378.49
"1587",1504137600,2017-08-31,4703.39,0.25563,383.04
"1588",1504224000,2017-09-01,4892.01,0.248479,387.74
"1589",1504310400,2017-09-02,4578.77,0.226669,348.98
"1590",1504396800,2017-09-03,4582.96,0.228811,347.48
"1591",1504483200,2017-09-04,4236.31,0.204968,295.17
"1592",1504569600,2017-09-05,4376.53,0.215189,312.99
"1593",1504656000,2017-09-06,4597.12,0.226186,334.34
"1594",1504742400,2017-09-07,4599.88,0.22364,329.43
"1595",1504828800,2017-09-08,4228.75,0.211518,296.5
"1596",1504915200,2017-09-09,4226.06,0.209995,294.4
"1597",1505001600,2017-09-10,4122.94,0.213031,288.75
"1598",1505088000,2017-09-11,4161.27,0.214441,294.53
"1599",1505174400,2017-09-12,4130.81,0.209303,291.46
"1600",1505260800,2017-09-13,3882.59,0.200778,277.11
"1601",1505347200,2017-09-14,3154.95,0.164167,213.91
"1602",1505433600,2017-09-15,3637.52,0.181358,250.46
"1603",1505520000,2017-09-16,3625.04,0.179082,246.52
"1604",1505606400,2017-09-17,3582.88,0.178393,251.75
"1605",1505692800,2017-09-18,4065.2,0.189768,293.5
"1606",1505779200,2017-09-19,3924.97,0.184041,282.8
"1607",1505865600,2017-09-20,3905.95,0.182078,283.74
"1608",1505952000,2017-09-21,3631.04,0.171754,258.58
"1609",1506038400,2017-09-22,3630.7,0.17351,264.31
"1610",1506124800,2017-09-23,3792.4,0.177882,286.17
"1611",1506211200,2017-09-24,3682.84,0.175787,282.48
"1612",1506297600,2017-09-25,3926.07,0.181487,292.33
"1613",1506384000,2017-09-26,3892.35,0.186119,287.44
"1614",1506470400,2017-09-27,4200.67,0.203299,306.47
"1615",1506556800,2017-09-28,4174.73,0.196131,299.15
"1616",1506643200,2017-09-29,4163.07,0.193606,291.47
"1617",1506729600,2017-09-30,4338.71,0.197529,301.46
"1618",1506816000,2017-10-01,4403.74,0.206532,302.34
"1619",1506902400,2017-10-02,4409.32,0.202676,297.48
"1620",1506988800,2017-10-03,4317.48,0.203318,292.46
"1621",1507075200,2017-10-04,4229.36,0.214774,292.66
"1622",1507161600,2017-10-05,4328.41,0.237016,295.86
"1623",1507248000,2017-10-06,4370.81,0.234039,308.59
"1624",1507334400,2017-10-07,4426.89,0.23861,311.12
"1625",1507420800,2017-10-08,4610.48,0.279944,308.61
"1626",1507507200,2017-10-09,4772.02,0.251825,297.39
"1627",1507593600,2017-10-10,4781.99,0.260733,299.87
"1628",1507680000,2017-10-11,4826.48,0.264439,303.46
"1629",1507766400,2017-10-12,5446.91,0.248414,304.14
"1630",1507852800,2017-10-13,5647.21,0.260489,338.76
"1631",1507939200,2017-10-14,5831.79,0.25732,339.63
"1632",1508025600,2017-10-15,5678.19,0.263983,336.6
"1633",1508112000,2017-10-16,5725.59,0.256232,333.38
"1634",1508198400,2017-10-17,5605.51,0.232064,317.08
"1635",1508284800,2017-10-18,5590.69,0.21852,314.32
"1636",1508371200,2017-10-19,5708.52,0.21515,308.09
"1637",1508457600,2017-10-20,6011.45,0.210549,304.01
"1638",1508544000,2017-10-21,6031.6,0.211016,300.19
"1639",1508630400,2017-10-22,6008.42,0.204177,295.45
"1640",1508716800,2017-10-23,5930.32,0.196928,286.95
"1641",1508803200,2017-10-24,5526.64,0.206644,298.33
"1642",1508889600,2017-10-25,5750.8,0.204604,297.93
"1643",1508976000,2017-10-26,5904.83,0.203628,296.53
"1644",1509062400,2017-10-27,5780.9,0.202785,297.42
"1645",1509148800,2017-10-28,5753.09,0.201835,296.3
"1646",1509235200,2017-10-29,6153.85,0.202785,305.09
"1647",1509321600,2017-10-30,6130.53,0.202711,307.75
"1648",1509408000,2017-10-31,6468.4,0.200558,305.88
"1649",1509494400,2017-11-01,6767.31,0.194124,291.69
"1650",1509580800,2017-11-02,7078.5,0.205861,287.43
"1651",1509667200,2017-11-03,7207.76,0.208133,305.71
"1652",1509753600,2017-11-04,7379.95,0.20375,300.47
"1653",1509840000,2017-11-05,7407.41,0.202055,296.26
"1654",1509926400,2017-11-06,7022.76,0.20599,298.89
"1655",1510012800,2017-11-07,7144.38,0.210354,294.66
"1656",1510099200,2017-11-08,7459.69,0.217437,309.07
"1657",1510185600,2017-11-09,7143.58,0.217488,320.88
"1658",1510272000,2017-11-10,6618.14,0.206483,299.25
"1659",1510358400,2017-11-11,6357.6,0.21043,314.68
"1660",1510444800,2017-11-12,5950.07,0.197339,307.91
"1661",1510531200,2017-11-13,6559.49,0.203442,316.72
"1662",1510617600,2017-11-14,6635.75,0.209825,337.63
"1663",1510704000,2017-11-15,7315.54,0.212956,333.36
"1664",1510790400,2017-11-16,7871.69,0.227107,330.92
"1665",1510876800,2017-11-17,7708.99,0.226581,332.39
"1666",1510963200,2017-11-18,7790.15,0.228627,347.61
"1667",1511049600,2017-11-19,8036.49,0.231016,354.39
"1668",1511136000,2017-11-20,8200.64,0.238759,366.73
"1669",1511222400,2017-11-21,8071.26,0.233271,360.4
"1670",1511308800,2017-11-22,8253.55,0.238859,380.65
"1671",1511395200,2017-11-23,8038.77,0.242402,410.17
"1672",1511481600,2017-11-24,8253.69,0.244642,474.91
"1673",1511568000,2017-11-25,8790.92,0.252393,466.28
"1674",1511654400,2017-11-26,9330.55,0.248818,471.33
"1675",1511740800,2017-11-27,9818.35,0.253927,480.36
"1676",1511827200,2017-11-28,10058.8,0.299152,472.9
"1677",1511913600,2017-11-29,9888.61,0.243064,427.52
"1678",1512000000,2017-11-30,10233.6,0.250878,447.11
"1679",1512086400,2017-12-01,10975.6,0.255699,466.54
"1680",1512172800,2017-12-02,11074.6,0.255492,463.45
"1681",1512259200,2017-12-03,11323.2,0.252558,465.85
"1682",1512345600,2017-12-04,11657.2,0.253571,470.2
"1683",1512432000,2017-12-05,11916.7,0.246101,463.28
"1684",1512518400,2017-12-06,14291.5,0.232544,428.59
"1685",1512604800,2017-12-07,17899.7,0.222823,434.41
"1686",1512691200,2017-12-08,16569.4,0.252125,456.03
"1687",1512777600,2017-12-09,15178.2,0.244708,473.5
"1688",1512864000,2017-12-10,15455.4,0.237333,441.72
"1689",1512950400,2017-12-11,16936.8,0.251691,515.14
"1690",1513036800,2017-12-12,17415.4,0.373541,651.43
"1691",1513123200,2017-12-13,16408.2,0.471063,702.77
"1692",1513209600,2017-12-14,16564,0.864263,695.82
