"","Unix","Date","Xrp.Exchange.Rate","Xrp.Authors","Xrp.Loc"
"1",1320019200,2011-10-31,NA,1,NA
"2",1322611200,2011-11-30,NA,2,NA
"3",1325289600,2011-12-31,NA,2,NA
"4",1327968000,2012-01-31,NA,2,NA
"5",1330473600,2012-02-29,NA,1,NA
"6",1333152000,2012-03-31,NA,2,NA
"7",1335744000,2012-04-30,NA,2,NA
"8",1338422400,2012-05-31,NA,3,NA
"9",1341014400,2012-06-30,NA,3,NA
"10",1343692800,2012-07-31,NA,3,NA
"11",1346371200,2012-08-31,NA,3,NA
"12",1348963200,2012-09-30,NA,4,NA
"13",1351641600,2012-10-31,NA,6,NA
"14",1354233600,2012-11-30,NA,6,NA
"15",1356912000,2012-12-31,NA,6,NA
"16",1359590400,2013-01-31,NA,4,NA
"17",1362009600,2013-02-28,NA,5,NA
"18",1364688000,2013-03-31,NA,6,NA
"19",1367280000,2013-04-30,NA,4,NA
"20",1369958400,2013-05-31,NA,5,NA
"21",1372550400,2013-06-30,NA,7,NA
"22",1375228800,2013-07-31,NA,9,NA
"23",1375660800,2013-08-05,0.005613,NA,785390
"24",1375747200,2013-08-06,0.00468,NA,782097
"25",1375833600,2013-08-07,0.004417,NA,786735
"26",1375920000,2013-08-08,0.004254,NA,787337
"27",1376006400,2013-08-09,0.004291,NA,789543
"28",1376092800,2013-08-10,0.004314,NA,789637
"29",1376179200,2013-08-11,0.004415,NA,788054
"30",1376265600,2013-08-12,0.004449,NA,787946
"31",1376352000,2013-08-13,0.004245,NA,788521
"32",1376438400,2013-08-14,0.003788,NA,788629
"33",1376524800,2013-08-15,0.003092,NA,788975
"34",1376611200,2013-08-16,0.003134,NA,789609
"35",1376697600,2013-08-17,0.005671,NA,789648
"36",1376784000,2013-08-18,0.005617,NA,790835
"37",1376870400,2013-08-19,0.00526,NA,790583
"38",1376956800,2013-08-20,0.006098,NA,790597
"39",1377043200,2013-08-21,0.006131,NA,787745
"40",1377129600,2013-08-22,0.005143,NA,787834
"41",1377216000,2013-08-23,0.005139,NA,789610
"42",1377302400,2013-08-24,0.005546,NA,789715
"43",1377388800,2013-08-25,0.006104,NA,790031
"44",1377475200,2013-08-26,0.006417,NA,642548
"45",1377561600,2013-08-27,0.006452,NA,642535
"46",1377648000,2013-08-28,0.006246,NA,645126
"47",1377820800,2013-08-30,0.00593,NA,642977
"48",1377907200,2013-08-31,0.005632,7,643118
"49",1377993600,2013-09-01,0.005787,NA,644785
"50",1378080000,2013-09-02,0.005528,NA,643086
"51",1378166400,2013-09-03,0.00567,NA,645006
"52",1378252800,2013-09-04,0.005695,NA,682180
"53",1378339200,2013-09-05,0.005715,NA,655079
"54",1378425600,2013-09-06,0.005866,NA,657804
"55",1378512000,2013-09-07,0.006173,NA,657811
"56",1378598400,2013-09-08,0.006183,NA,657882
"57",1378684800,2013-09-09,0.00627,NA,658219
"58",1378771200,2013-09-10,0.005808,NA,658876
"59",1378857600,2013-09-11,0.006273,NA,1039311
"60",1378944000,2013-09-12,0.006349,NA,661265
"61",1379030400,2013-09-13,0.006513,NA,696151
"62",1379116800,2013-09-14,0.00634,NA,663370
"63",1379203200,2013-09-15,0.006472,NA,663584
"64",1379376000,2013-09-17,0.009613,NA,663225
"65",1379462400,2013-09-18,0.010782,NA,664854
"66",1379548800,2013-09-19,0.010958,NA,663766
"67",1379635200,2013-09-20,0.010113,NA,676627
"68",1379721600,2013-09-21,0.0097,NA,676498
"69",1379808000,2013-09-22,0.010406,NA,678555
"70",1379894400,2013-09-23,0.010008,NA,685490
"71",1379980800,2013-09-24,0.010448,NA,682842
"72",1380067200,2013-09-25,0.010433,NA,690655
"73",1380153600,2013-09-26,0.011713,NA,690697
"74",1380240000,2013-09-27,0.014566,NA,691739
"75",1380326400,2013-09-28,0.013835,NA,692216
"76",1380412800,2013-09-29,0.012868,NA,692721
"77",1380499200,2013-09-30,0.010932,7,692829
"78",1380585600,2013-10-01,0.010529,NA,694617
"79",1380672000,2013-10-02,0.007862,NA,694637
"80",1380758400,2013-10-03,0.009112,NA,694600
"81",1380844800,2013-10-04,0.009873,NA,694609
"82",1380931200,2013-10-05,0.009488,NA,689017
"83",1381017600,2013-10-06,0.009819,NA,689196
"84",1381104000,2013-10-07,0.00924,NA,689504
"85",1381190400,2013-10-08,0.009451,NA,689504
"86",1381449600,2013-10-11,0.00897,NA,692035
"87",1381536000,2013-10-12,0.009382,NA,692149
"88",1381622400,2013-10-13,0.008412,NA,690803
"89",1381795200,2013-10-15,0.008051,NA,692136
"90",1381881600,2013-10-16,0.007305,NA,692473
"91",1381968000,2013-10-17,0.008343,NA,690813
"92",1382054400,2013-10-18,0.007942,NA,692141
"93",1382140800,2013-10-19,0.007252,NA,692082
"94",1382227200,2013-10-20,0.0067,NA,692105
"95",1382313600,2013-10-21,0.006634,NA,692040
"96",1382400000,2013-10-22,0.006845,NA,696120
"97",1382486400,2013-10-23,0.007873,NA,692082
"98",1382572800,2013-10-24,0.008596,NA,696150
"99",1382659200,2013-10-25,0.00686,NA,695019
"100",1382745600,2013-10-26,0.006064,NA,696085
"101",1382918400,2013-10-28,0.005942,NA,695012
"102",1383004800,2013-10-29,0.005998,NA,694363
"103",1383091200,2013-10-30,0.005854,NA,696084
"104",1383177600,2013-10-31,0.006073,8,696084
"105",1383264000,2013-11-01,0.006353,NA,696167
"106",1383436800,2013-11-03,0.00716,NA,696259
"107",1383523200,2013-11-04,0.007011,NA,696235
"108",1383609600,2013-11-05,0.00715,NA,696258
"109",1383696000,2013-11-06,0.007776,NA,695364
"110",1383782400,2013-11-07,0.008939,NA,696168
"111",1383868800,2013-11-08,0.010722,NA,696174
"112",1383955200,2013-11-09,0.008653,NA,696211
"113",1384041600,2013-11-10,0.008609,NA,696450
"114",1384128000,2013-11-11,0.008681,NA,696447
"115",1384214400,2013-11-12,0.009557,NA,696322
"116",1384300800,2013-11-13,0.010846,NA,696140
"117",1384387200,2013-11-14,0.009646,NA,696156
"118",1384473600,2013-11-15,0.009685,NA,763788
"119",1384560000,2013-11-16,0.01014,NA,740672
"120",1384646400,2013-11-17,0.010209,NA,698153
"121",1384732800,2013-11-18,0.010918,NA,698007
"122",1384819200,2013-11-19,0.007225,NA,698047
"123",1384905600,2013-11-20,0.007467,NA,697952
"124",1384992000,2013-11-21,0.009935,NA,698432
"125",1385078400,2013-11-22,0.009717,NA,763218
"126",1385164800,2013-11-23,0.009798,NA,763219
"127",1385424000,2013-11-26,0.029913,NA,763820
"128",1385510400,2013-11-27,0.024096,NA,763809
"129",1385769600,2013-11-30,0.038386,4,740749
"130",1385856000,2013-12-01,0.051497,NA,744933
"131",1385942400,2013-12-02,0.055252,NA,746903
"132",1386028800,2013-12-03,0.048672,NA,740899
"133",1386115200,2013-12-04,0.058692,NA,740717
"134",1386201600,2013-12-05,0.055153,NA,740732
"135",1386288000,2013-12-06,0.042211,NA,740849
"136",1386547200,2013-12-09,0.03893,NA,741034
"137",1386633600,2013-12-10,0.043784,NA,741035
"138",1386720000,2013-12-11,0.037937,NA,741087
"139",1386892800,2013-12-13,0.035145,NA,743799
"140",1387065600,2013-12-15,0.029137,NA,745453
"141",1387152000,2013-12-16,0.021565,NA,744094
"142",1387238400,2013-12-17,0.018313,NA,744107
"143",1387324800,2013-12-18,0.015852,NA,746163
"144",1387411200,2013-12-19,0.021073,NA,746970
"145",1387497600,2013-12-20,0.020851,NA,744107
"146",1387584000,2013-12-21,0.021684,NA,745232
"147",1387670400,2013-12-22,0.021716,NA,744350
"148",1388016000,2013-12-26,0.024385,NA,744821
"149",1388102400,2013-12-27,0.027076,NA,741614
"150",1388188800,2013-12-28,0.027303,NA,746966
"151",1388275200,2013-12-29,0.027218,NA,741526
"152",1388361600,2013-12-30,0.02746,NA,741588
"153",1388448000,2013-12-31,0.02733,9,738985
"154",1388620800,2014-01-02,0.028726,NA,746404
"155",1388707200,2014-01-03,0.027627,NA,746419
"156",1388793600,2014-01-04,0.028129,NA,746970
"157",1388880000,2014-01-05,0.025229,NA,746440
"158",1388966400,2014-01-06,0.0257,NA,739358
"159",1389052800,2014-01-07,0.022986,NA,746966
"160",1389139200,2014-01-08,0.023227,NA,744621
"161",1389225600,2014-01-09,0.022368,NA,741702
"162",1389398400,2014-01-11,0.024019,NA,742303
"163",1389571200,2014-01-13,0.021664,NA,742552
"164",1389657600,2014-01-14,0.021186,NA,750216
"165",1389744000,2014-01-15,0.022221,NA,742757
"166",1389830400,2014-01-16,0.021024,NA,742603
"167",1389916800,2014-01-17,0.02053,NA,742787
"168",1390003200,2014-01-18,0.021278,NA,742942
"169",1390262400,2014-01-21,0.019927,NA,744654
"170",1390348800,2014-01-22,0.019389,NA,744654
"171",1390435200,2014-01-23,0.018534,NA,744821
"172",1390521600,2014-01-24,0.018126,NA,755703
"173",1390780800,2014-01-27,0.018967,NA,745040
"174",1390867200,2014-01-28,0.020605,NA,745344
"175",1390953600,2014-01-29,0.020337,NA,746159
"176",1391040000,2014-01-30,0.020337,NA,750180
"177",1391126400,2014-01-31,0.020504,8,745354
"178",1391212800,2014-02-01,0.020698,NA,757005
"179",1391299200,2014-02-02,0.02156,NA,756385
"180",1391385600,2014-02-03,0.021402,NA,755667
"181",1391472000,2014-02-04,0.020997,NA,757005
"182",1391558400,2014-02-05,0.020357,NA,750260
"183",1391644800,2014-02-06,0.019752,NA,750305
"184",1391731200,2014-02-07,0.018377,NA,750108
"185",1391817600,2014-02-08,0.017487,NA,750241
"186",1392076800,2014-02-11,0.017681,NA,750237
"187",1392163200,2014-02-12,0.017174,NA,750310
"188",1392249600,2014-02-13,0.016079,NA,750486
"189",1392336000,2014-02-14,0.016367,NA,750375
"190",1392422400,2014-02-15,0.016083,NA,758003
"191",1392508800,2014-02-16,0.015338,NA,750391
"192",1392595200,2014-02-17,0.015293,NA,757702
"193",1392768000,2014-02-19,0.015237,NA,758612
"194",1392854400,2014-02-20,0.014251,NA,758109
"195",1392940800,2014-02-21,0.01507,NA,750677
"196",1393027200,2014-02-22,0.015682,NA,750684
"197",1393113600,2014-02-23,0.015412,NA,750674
"198",1393286400,2014-02-25,0.01299,NA,758129
"199",1393372800,2014-02-26,0.014093,NA,758123
"200",1393545600,2014-02-28,0.013666,8,758058
"201",1393632000,2014-03-01,0.013799,NA,760476
"202",1393718400,2014-03-02,0.013543,NA,759838
"203",1393804800,2014-03-03,0.015596,NA,758755
"204",1393891200,2014-03-04,0.016135,NA,758846
"205",1393977600,2014-03-05,0.016008,NA,758651
"206",1394064000,2014-03-06,0.015921,NA,758757
"207",1394150400,2014-03-07,0.015009,NA,760982
"208",1394236800,2014-03-08,0.014404,NA,759512
"209",1394323200,2014-03-09,0.014745,NA,758806
"210",1394409600,2014-03-10,0.014745,NA,760160
"211",1394496000,2014-03-11,0.014279,NA,758847
"212",1394582400,2014-03-12,0.014353,NA,759793
"213",1394668800,2014-03-13,0.014333,NA,758887
"214",1394755200,2014-03-14,0.014198,NA,759623
"215",1394841600,2014-03-15,0.014345,NA,759484
"216",1394928000,2014-03-16,0.014306,NA,794607
"217",1395014400,2014-03-17,0.014112,NA,759623
"218",1395100800,2014-03-18,0.01405,NA,760087
"219",1395187200,2014-03-19,0.013963,NA,806422
"220",1395273600,2014-03-20,0.013638,NA,760551
"221",1395360000,2014-03-21,0.01325,NA,765685
"222",1395446400,2014-03-22,0.012954,NA,740363
"223",1395619200,2014-03-24,0.012871,NA,794517
"224",1395705600,2014-03-25,0.01283,NA,735178
"225",1395792000,2014-03-26,0.012594,NA,737856
"226",1395878400,2014-03-27,0.010226,NA,737743
"227",1395964800,2014-03-28,0.010551,NA,735195
"228",1396224000,2014-03-31,0.008785,10,754615
"229",1396310400,2014-04-01,0.008757,NA,737694
"230",1396396800,2014-04-02,0.007922,NA,739491
"231",1396483200,2014-04-03,0.007944,NA,741116
"232",1396569600,2014-04-04,0.008094,NA,737465
"233",1396828800,2014-04-07,0.008035,NA,737500
"234",1397001600,2014-04-09,0.007866,NA,740042
"235",1397088000,2014-04-10,0.006318,NA,741327
"236",1397174400,2014-04-11,0.006582,NA,740208
"237",1397347200,2014-04-13,0.005987,NA,740507
"238",1397433600,2014-04-14,0.006518,NA,740986
"239",1397520000,2014-04-15,0.007719,NA,741170
"240",1397606400,2014-04-16,0.007023,NA,743726
"241",1397692800,2014-04-17,0.006339,NA,743724
"242",1397779200,2014-04-18,0.00621,NA,743991
"243",1398038400,2014-04-21,0.006142,NA,806816
"244",1398124800,2014-04-22,0.006059,NA,799945
"245",1398211200,2014-04-23,0.00611,NA,743767
"246",1398297600,2014-04-24,0.006069,NA,743728
"247",1398384000,2014-04-25,0.005491,NA,803740
"248",1398470400,2014-04-26,0.005394,NA,794451
"249",1398556800,2014-04-27,0.004859,NA,744400
"250",1398643200,2014-04-28,0.005139,NA,743731
"251",1398729600,2014-04-29,0.005362,NA,744337
"252",1398816000,2014-04-30,0.005364,10,744289
"253",1398902400,2014-05-01,0.005413,NA,744335
"254",1398988800,2014-05-02,0.005315,NA,744220
"255",1399161600,2014-05-04,0.005024,NA,743309
"256",1399248000,2014-05-05,0.005214,NA,744540
"257",1399334400,2014-05-06,0.005973,NA,799277
"258",1399420800,2014-05-07,0.006351,NA,743790
"259",1399507200,2014-05-08,0.00608,NA,800001
"260",1399593600,2014-05-09,0.006063,NA,799919
"261",1399680000,2014-05-10,0.005975,NA,752752
"262",1399852800,2014-05-12,0.005937,NA,743495
"263",1399939200,2014-05-13,0.00634,NA,799130
"264",1400025600,2014-05-14,0.007154,NA,799418
"265",1400112000,2014-05-15,0.007099,NA,799172
"266",1400198400,2014-05-16,0.00691,NA,806856
"267",1400371200,2014-05-18,0.006004,NA,799204
"268",1400544000,2014-05-20,0.006711,NA,848929
"269",1400716800,2014-05-22,0.003993,NA,860105
"270",1400803200,2014-05-23,0.003315,NA,806474
"271",1400976000,2014-05-25,0.003646,NA,806852
"272",1401062400,2014-05-26,0.003799,NA,854108
"273",1401148800,2014-05-27,0.004643,NA,861287
"274",1401235200,2014-05-28,0.005005,NA,806881
"275",1401321600,2014-05-29,0.004791,NA,806856
"276",1401494400,2014-05-31,0.004146,12,806856
"277",1401580800,2014-06-01,0.004092,NA,806862
"278",1401753600,2014-06-03,0.004385,NA,848708
"279",1401840000,2014-06-04,0.003952,NA,911653
"280",1401926400,2014-06-05,0.003841,NA,911627
"281",1402012800,2014-06-06,0.003916,NA,848815
"282",1402272000,2014-06-09,0.004225,NA,848778
"283",1402358400,2014-06-10,0.004547,NA,848830
"284",1402531200,2014-06-12,0.004048,NA,848767
"285",1402617600,2014-06-13,0.004161,NA,848766
"286",1402790400,2014-06-15,0.004197,NA,848811
"287",1402876800,2014-06-16,0.004173,NA,848142
"288",1402963200,2014-06-17,0.004264,NA,848626
"289",1403049600,2014-06-18,0.004247,NA,848836
"290",1403136000,2014-06-19,0.00423,NA,854233
"291",1403222400,2014-06-20,0.004188,NA,848051
"292",1403481600,2014-06-23,0.004085,NA,854133
"293",1403568000,2014-06-24,0.004049,NA,847759
"294",1403654400,2014-06-25,0.003931,NA,858878
"295",1403740800,2014-06-26,0.004051,NA,854233
"296",1403913600,2014-06-28,0.003923,NA,854132
"297",1404086400,2014-06-30,0.00378,13,854105
"298",1404259200,2014-07-02,0.003484,NA,854233
"299",1404345600,2014-07-03,0.00336,NA,859375
"300",1404432000,2014-07-04,0.003246,NA,859530
"301",1404518400,2014-07-05,0.003132,NA,859342
"302",1404691200,2014-07-07,0.003082,NA,859532
"303",1404777600,2014-07-08,0.0033,NA,859526
"304",1404864000,2014-07-09,0.003879,NA,860044
"305",1404950400,2014-07-10,0.004074,NA,859935
"306",1405036800,2014-07-11,0.004298,NA,859555
"307",1405123200,2014-07-12,0.004317,NA,859597
"308",1405296000,2014-07-14,0.004367,NA,860071
"309",1405382400,2014-07-15,0.004514,NA,860122
"310",1405468800,2014-07-16,0.004898,NA,860284
"311",1405555200,2014-07-17,0.006162,NA,861077
"312",1405641600,2014-07-18,0.006364,NA,860129
"313",1405900800,2014-07-21,0.005362,NA,875733
"314",1405987200,2014-07-22,0.005643,NA,860288
"315",1406073600,2014-07-23,0.006144,NA,861845
"316",1406160000,2014-07-24,0.005929,NA,860326
"317",1406246400,2014-07-25,0.006043,NA,860558
"318",1406505600,2014-07-28,0.006157,NA,861274
"319",1406592000,2014-07-29,0.006066,NA,861283
"320",1406764800,2014-07-31,0.005189,11,891988
"321",1406851200,2014-08-01,0.005369,NA,861285
"322",1407024000,2014-08-03,0.005215,NA,886208
"323",1407110400,2014-08-04,0.004948,NA,875316
"324",1407196800,2014-08-05,0.005104,NA,875565
"325",1407283200,2014-08-06,0.005256,NA,875991
"326",1407369600,2014-08-07,0.005343,NA,875921
"327",1407456000,2014-08-08,0.005462,NA,875710
"328",1407542400,2014-08-09,0.005242,NA,875897
"329",1407628800,2014-08-10,0.004975,NA,875818
"330",1407715200,2014-08-11,0.005214,NA,875718
"331",1407801600,2014-08-12,0.005044,NA,875825
"332",1407974400,2014-08-14,0.005227,NA,884229
"333",1408060800,2014-08-15,0.00541,NA,894313
"334",1408233600,2014-08-17,0.005177,NA,876052
"335",1408406400,2014-08-19,0.005051,NA,884239
"336",1408492800,2014-08-20,0.005265,NA,884275
"337",1408579200,2014-08-21,0.005117,NA,886247
"338",1408665600,2014-08-22,0.005095,NA,884396
"339",1408924800,2014-08-25,0.004974,NA,886263
"340",1409011200,2014-08-26,0.004837,NA,885643
"341",1409097600,2014-08-27,0.005015,NA,1008027
"342",1409184000,2014-08-28,0.005062,NA,892553
"343",1409270400,2014-08-29,0.005017,NA,886193
"344",1409356800,2014-08-30,0.004961,NA,886869
"345",1409443200,2014-08-31,0.004887,15,886204
"346",1409529600,2014-09-01,0.005025,NA,886283
"347",1409616000,2014-09-02,0.004641,NA,886286
"348",1409702400,2014-09-03,0.004776,NA,885838
"349",1409788800,2014-09-04,0.004805,NA,886246
"350",1409875200,2014-09-05,0.004874,NA,886440
"351",1409961600,2014-09-06,0.004795,NA,886610
"352",1410134400,2014-09-08,0.004711,NA,886499
"353",1410220800,2014-09-09,0.004719,NA,886500
"354",1410307200,2014-09-10,0.00475,NA,887025
"355",1410393600,2014-09-11,0.004749,NA,887279
"356",1410480000,2014-09-12,0.004713,NA,886235
"357",1410566400,2014-09-13,0.004706,NA,886824
"358",1410739200,2014-09-15,0.00505,NA,886882
"359",1410825600,2014-09-16,0.005124,NA,886888
"360",1410912000,2014-09-17,0.005399,NA,886898
"361",1410998400,2014-09-18,0.005135,NA,886944
"362",1411084800,2014-09-19,0.004942,NA,887257
"363",1411171200,2014-09-20,0.004772,NA,887294
"364",1411257600,2014-09-21,0.00457,NA,887334
"365",1411344000,2014-09-22,0.004657,NA,894097
"366",1411430400,2014-09-23,0.004613,NA,887141
"367",1411516800,2014-09-24,0.004668,NA,887118
"368",1411603200,2014-09-25,0.004722,NA,887353
"369",1411689600,2014-09-26,0.004616,NA,886596
"370",1411776000,2014-09-27,0.004705,NA,1018171
"371",1411862400,2014-09-28,0.005282,NA,887469
"372",1411948800,2014-09-29,0.004705,NA,892477
"373",1412035200,2014-09-30,0.004644,12,886204
"374",1412121600,2014-10-01,0.004752,NA,893975
"375",1412208000,2014-10-02,0.004874,NA,893877
"376",1412380800,2014-10-04,0.004941,NA,892289
"377",1412467200,2014-10-05,0.004789,NA,892372
"378",1412553600,2014-10-06,0.00473,NA,892254
"379",1412726400,2014-10-08,0.004787,NA,893877
"380",1412812800,2014-10-09,0.004824,NA,893886
"381",1412899200,2014-10-10,0.004871,NA,892559
"382",1412985600,2014-10-11,0.004753,NA,892427
"383",1413158400,2014-10-13,0.004784,NA,893883
"384",1413244800,2014-10-14,0.004872,NA,892426
"385",1413331200,2014-10-15,0.004827,NA,892492
"386",1413417600,2014-10-16,0.004855,NA,874676
"387",1413504000,2014-10-17,0.004904,NA,892291
"388",1413590400,2014-10-18,0.004965,NA,892307
"389",1413676800,2014-10-19,0.004949,NA,892486
"390",1413763200,2014-10-20,0.005073,NA,892438
"391",1413849600,2014-10-21,0.005193,NA,892442
"392",1413936000,2014-10-22,0.005187,NA,892459
"393",1414022400,2014-10-23,0.005142,NA,893973
"394",1414108800,2014-10-24,0.005082,NA,893886
"395",1414195200,2014-10-25,0.004719,NA,893879
"396",1414281600,2014-10-26,0.004548,NA,892204
"397",1414368000,2014-10-27,0.004891,NA,937493
"398",1414454400,2014-10-28,0.004845,NA,936528
"399",1414540800,2014-10-29,0.004776,NA,878029
"400",1414627200,2014-10-30,0.00489,NA,875784
"401",1414713600,2014-10-31,0.004867,14,936525
"402",1414800000,2014-11-01,0.004671,NA,877050
"403",1414886400,2014-11-02,0.004664,NA,937494
"404",1414972800,2014-11-03,0.00481,NA,877401
"405",1415059200,2014-11-04,0.004805,NA,936748
"406",1415145600,2014-11-05,0.004861,NA,877816
"407",1415232000,2014-11-06,0.004877,NA,878434
"408",1415318400,2014-11-07,0.004877,NA,878357
"409",1415404800,2014-11-08,0.004907,NA,879888
"410",1415491200,2014-11-09,0.004926,NA,878937
"411",1415577600,2014-11-10,0.004901,NA,894855
"412",1415664000,2014-11-11,0.004899,NA,880150
"413",1415750400,2014-11-12,0.005097,NA,877551
"414",1415836800,2014-11-13,0.005035,NA,878030
"415",1415923200,2014-11-14,0.005197,NA,877620
"416",1416182400,2014-11-17,0.00534,NA,880197
"417",1416268800,2014-11-18,0.005432,NA,896243
"418",1416355200,2014-11-19,0.005696,NA,878267
"419",1416441600,2014-11-20,0.006058,NA,938367
"420",1416528000,2014-11-21,0.006589,NA,877704
"421",1416614400,2014-11-22,0.007663,NA,880248
"422",1416700800,2014-11-23,0.008599,NA,880274
"423",1416787200,2014-11-24,0.008562,NA,937483
"424",1416873600,2014-11-25,0.00974,NA,937477
"425",1417305600,2014-11-30,0.011211,15,880209
"426",1417392000,2014-12-01,0.012559,NA,880168
"427",1417478400,2014-12-02,0.013158,NA,880203
"428",1417564800,2014-12-03,0.01313,NA,880210
"429",1417651200,2014-12-04,0.013343,NA,880207
"430",1417824000,2014-12-06,0.014406,NA,877342
"431",1417910400,2014-12-07,0.014794,NA,880247
"432",1418169600,2014-12-10,0.015908,NA,878249
"433",1418256000,2014-12-11,0.016374,NA,937332
"434",1418342400,2014-12-12,0.016374,NA,878326
"435",1418428800,2014-12-13,0.016992,NA,877115
"436",1418601600,2014-12-15,0.018242,NA,951527
"437",1418947200,2014-12-19,0.023338,NA,877487
"438",1419206400,2014-12-22,0.025562,NA,877766
"439",1419292800,2014-12-23,0.023878,NA,877735
"440",1419379200,2014-12-24,0.023382,NA,877025
"441",1419552000,2014-12-26,0.025308,NA,877808
"442",1419638400,2014-12-27,0.024074,NA,873978
"443",1419724800,2014-12-28,0.023764,NA,873721
"444",1419811200,2014-12-29,0.024231,NA,874490
"445",1419897600,2014-12-30,0.0242,NA,874332
"446",1419984000,2014-12-31,0.024438,9,936482
"447",1420070400,2015-01-01,0.02439,NA,938179
"448",1420156800,2015-01-02,0.024318,NA,928203
"449",1420416000,2015-01-05,0.020316,NA,928204
"450",1420502400,2015-01-06,0.020732,NA,894484
"451",1420588800,2015-01-07,0.020843,NA,936440
"452",1420675200,2015-01-08,0.020676,NA,953402
"453",1420761600,2015-01-09,0.020576,NA,937959
"454",1421020800,2015-01-12,0.018434,NA,936413
"455",1421107200,2015-01-13,0.015648,NA,938180
"456",1421193600,2015-01-14,0.014233,NA,928127
"457",1421280000,2015-01-15,0.016444,NA,936467
"458",1421366400,2015-01-16,0.016403,NA,928127
"459",1421452800,2015-01-17,0.015361,NA,937953
"460",1421539200,2015-01-18,0.015622,NA,936482
"461",1421625600,2015-01-19,0.015991,NA,936507
"462",1421712000,2015-01-20,0.016112,NA,936491
"463",1421798400,2015-01-21,0.016653,NA,936507
"464",1421884800,2015-01-22,0.01701,NA,951493
"465",1421971200,2015-01-23,0.016734,NA,937953
"466",1422057600,2015-01-24,0.016736,NA,936507
"467",1422144000,2015-01-25,0.016578,NA,879778
"468",1422230400,2015-01-26,0.016019,NA,938361
"469",1422316800,2015-01-27,0.015841,NA,938361
"470",1422403200,2015-01-28,0.01497,NA,879452
"471",1422489600,2015-01-29,0.014706,NA,895925
"472",1422576000,2015-01-30,0.014443,NA,975245
"473",1422662400,2015-01-31,0.014298,14,975245
"474",1422748800,2015-02-01,0.014139,NA,879955
"475",1422835200,2015-02-02,0.01367,NA,879994
"476",1422921600,2015-02-03,0.013025,NA,951456
"477",1423008000,2015-02-04,0.013498,NA,951256
"478",1423094400,2015-02-05,0.014466,NA,892837
"479",1423180800,2015-02-06,0.015185,NA,953511
"480",1423267200,2015-02-07,0.014577,NA,894994
"481",1423353600,2015-02-08,0.014427,NA,893653
"482",1423440000,2015-02-09,0.013994,NA,957004
"483",1423526400,2015-02-10,0.013649,NA,896265
"484",1423612800,2015-02-11,0.013776,NA,894971
"485",1423699200,2015-02-12,0.014039,NA,894980
"486",1423785600,2015-02-13,0.014566,NA,895544
"487",1424131200,2015-02-17,0.014031,NA,892812
"488",1424217600,2015-02-18,0.013791,NA,896340
"489",1424304000,2015-02-19,0.013758,NA,896377
"490",1424390400,2015-02-20,0.013481,NA,952426
"491",1424563200,2015-02-22,0.01313,NA,894350
"492",1424649600,2015-02-23,0.013334,NA,894873
"493",1424736000,2015-02-24,0.013396,NA,894874
"494",1424822400,2015-02-25,0.013401,NA,894874
"495",1424908800,2015-02-26,0.013299,NA,895963
"496",1424995200,2015-02-27,0.01336,NA,951689
"497",1425081600,2015-02-28,0.012998,13,896215
"498",1425254400,2015-03-02,0.012192,NA,895969
"499",1425340800,2015-03-03,0.010593,NA,951141
"500",1425427200,2015-03-04,0.010032,NA,898940
"501",1425513600,2015-03-05,0.011543,NA,951558
"502",1425600000,2015-03-06,0.010856,NA,954257
"503",1425772800,2015-03-08,0.009961,NA,951476
"504",1425859200,2015-03-09,0.010643,NA,952774
"505",1425945600,2015-03-10,0.010086,NA,953364
"506",1426032000,2015-03-11,0.010229,NA,957113
"507",1426118400,2015-03-12,0.010359,NA,899142
"508",1426204800,2015-03-13,0.010511,NA,899143
"509",1426377600,2015-03-15,0.010817,NA,951531
"510",1426464000,2015-03-16,0.010968,NA,952533
"511",1426550400,2015-03-17,0.010929,NA,951690
"512",1426636800,2015-03-18,0.010575,NA,953535
"513",1426723200,2015-03-19,0.01048,NA,954517
"514",1426809600,2015-03-20,0.010446,NA,953333
"515",1426982400,2015-03-22,0.010196,NA,952912
"516",1427068800,2015-03-23,0.010308,NA,954309
"517",1427155200,2015-03-24,0.009757,NA,952806
"518",1427241600,2015-03-25,0.009115,NA,956973
"519",1427328000,2015-03-26,0.008764,NA,953006
"520",1427414400,2015-03-27,0.008895,NA,953335
"521",1427587200,2015-03-29,0.008498,NA,954409
"522",1427673600,2015-03-30,0.008453,NA,952891
"523",1427760000,2015-03-31,0.007772,13,952891
"524",1427846400,2015-04-01,0.007668,NA,952892
"525",1427932800,2015-04-02,0.007906,NA,953359
"526",1428019200,2015-04-03,0.00872,NA,953683
"527",1428278400,2015-04-06,0.008786,NA,953355
"528",1428364800,2015-04-07,0.009071,NA,953362
"529",1428624000,2015-04-10,0.008512,NA,957942
"530",1428710400,2015-04-11,0.0083,NA,953448
"531",1428796800,2015-04-12,0.00861,NA,953442
"532",1428883200,2015-04-13,0.008194,NA,953680
"533",1428969600,2015-04-14,0.008159,NA,954343
"534",1429056000,2015-04-15,0.007949,NA,953687
"535",1429142400,2015-04-16,0.00801,NA,961668
"536",1429228800,2015-04-17,0.008025,NA,962159
"537",1429488000,2015-04-20,0.007932,NA,954525
"538",1429574400,2015-04-21,0.007968,NA,954535
"539",1429660800,2015-04-22,0.008025,NA,954419
"540",1429747200,2015-04-23,0.008019,NA,954153
"541",1429920000,2015-04-25,0.008291,NA,953480
"542",1430092800,2015-04-27,0.007765,NA,954167
"543",1430179200,2015-04-28,0.00763,NA,954293
"544",1430265600,2015-04-29,0.007863,NA,954294
"545",1430352000,2015-04-30,0.008029,13,963320
"546",1430438400,2015-05-01,0.008018,NA,953994
"547",1430524800,2015-05-02,0.008037,NA,953809
"548",1430697600,2015-05-04,0.008017,NA,953800
"549",1430784000,2015-05-05,0.00791,NA,953959
"550",1430870400,2015-05-06,0.007782,NA,953994
"551",1430956800,2015-05-07,0.007529,NA,953994
"552",1431043200,2015-05-08,0.007491,NA,953912
"553",1431302400,2015-05-11,0.00736,NA,953950
"554",1431388800,2015-05-12,0.007213,NA,954051
"555",1431475200,2015-05-13,0.006857,NA,966479
"556",1431561600,2015-05-14,0.006602,NA,957004
"557",1431648000,2015-05-15,0.006655,NA,957223
"558",1431734400,2015-05-16,0.006588,NA,957232
"559",1431820800,2015-05-17,0.006329,NA,957042
"560",1431907200,2015-05-18,0.005748,NA,954175
"561",1431993600,2015-05-19,0.006539,NA,957220
"562",1432080000,2015-05-20,0.006636,NA,957217
"563",1432166400,2015-05-21,0.006573,NA,957091
"564",1432252800,2015-05-22,0.006649,NA,963263
"565",1432598400,2015-05-26,0.006794,NA,962788
"566",1432684800,2015-05-27,0.006937,NA,965794
"567",1432771200,2015-05-28,0.007857,NA,963227
"568",1432857600,2015-05-29,0.009056,NA,965925
"569",1432944000,2015-05-30,0.008409,NA,965782
"570",1433030400,2015-05-31,0.00829,14,971092
"571",1433116800,2015-06-01,0.007579,NA,965615
"572",1433203200,2015-06-02,0.007981,NA,965785
"573",1433289600,2015-06-03,0.008012,NA,965903
"574",1433376000,2015-06-04,0.007879,NA,965367
"575",1433462400,2015-06-05,0.007956,NA,966530
"576",1433548800,2015-06-06,0.007905,NA,966687
"577",1433721600,2015-06-08,0.007999,NA,965726
"578",1433808000,2015-06-09,0.007995,NA,966189
"579",1433894400,2015-06-10,0.007999,NA,965727
"580",1433980800,2015-06-11,0.008042,NA,963158
"581",1434067200,2015-06-12,0.008057,NA,967679
"582",1434153600,2015-06-13,0.008093,NA,967551
"583",1434240000,2015-06-14,0.008147,NA,968688
"584",1434326400,2015-06-15,0.008579,NA,973194
"585",1434412800,2015-06-16,0.009424,NA,990216
"586",1434499200,2015-06-17,0.009678,NA,970196
"587",1434585600,2015-06-18,0.010252,NA,987520
"588",1434672000,2015-06-19,0.011207,NA,970816
"589",1434844800,2015-06-21,0.010314,NA,969578
"590",1434931200,2015-06-22,0.010567,NA,992744
"591",1435017600,2015-06-23,0.010667,NA,972221
"592",1435104000,2015-06-24,0.010914,NA,970827
"593",1435190400,2015-06-25,0.011048,NA,972266
"594",1435276800,2015-06-26,0.011288,NA,973096
"595",1435363200,2015-06-27,0.011445,NA,972109
"596",1435449600,2015-06-28,0.011467,NA,971495
"597",1435536000,2015-06-29,0.011977,NA,990341
"598",1435622400,2015-06-30,0.011319,12,989468
"599",1435708800,2015-07-01,0.011198,NA,988469
"600",1435795200,2015-07-02,0.011037,NA,988381
"601",1435968000,2015-07-04,0.010782,NA,974802
"602",1436227200,2015-07-07,0.00958,NA,974845
"603",1436313600,2015-07-08,0.009449,NA,988485
"604",1436400000,2015-07-09,0.008987,NA,1012259
"605",1436486400,2015-07-10,0.008847,NA,1012265
"606",1436572800,2015-07-11,0.008615,NA,1014310
"607",1436659200,2015-07-12,0.008614,NA,987296
"608",1436745600,2015-07-13,0.008569,NA,991220
"609",1436832000,2015-07-14,0.008631,NA,990860
"610",1436918400,2015-07-15,0.008516,NA,990982
"611",1437004800,2015-07-16,0.008062,NA,991067
"612",1437091200,2015-07-17,0.008026,NA,990630
"613",1437177600,2015-07-18,0.00806,NA,995216
"614",1437350400,2015-07-20,0.007948,NA,990231
"615",1437436800,2015-07-21,0.007711,NA,990232
"616",1437523200,2015-07-22,0.007579,NA,997292
"617",1437609600,2015-07-23,0.007487,NA,991319
"618",1437696000,2015-07-24,0.007656,NA,991317
"619",1437782400,2015-07-25,0.007888,NA,992351
"620",1437868800,2015-07-26,0.008115,NA,993507
"621",1437955200,2015-07-27,0.008562,NA,1013015
"622",1438041600,2015-07-28,0.008449,NA,1010395
"623",1438128000,2015-07-29,0.008519,NA,997554
"624",1438214400,2015-07-30,0.008491,NA,992945
"625",1438300800,2015-07-31,0.008437,13,992947
"626",1438387200,2015-08-01,0.008222,NA,992947
"627",1438560000,2015-08-03,0.008281,NA,999380
"628",1438646400,2015-08-04,0.008271,NA,1012734
"629",1438732800,2015-08-05,0.008224,NA,998095
"630",1438819200,2015-08-06,0.008024,NA,1001558
"631",1438905600,2015-08-07,0.008152,NA,998279
"632",1439164800,2015-08-10,0.00875,NA,1011537
"633",1439251200,2015-08-11,0.008591,NA,998143
"634",1439424000,2015-08-13,0.008147,NA,1000375
"635",1439510400,2015-08-14,0.008337,NA,1001232
"636",1439769600,2015-08-17,0.008301,NA,1010517
"637",1439856000,2015-08-18,0.007552,NA,999328
"638",1439942400,2015-08-19,0.007758,NA,1000377
"639",1440028800,2015-08-20,0.007872,NA,1000829
"640",1440115200,2015-08-21,0.007881,NA,1001706
"641",1440201600,2015-08-22,0.007722,NA,1001832
"642",1440288000,2015-08-23,0.007552,NA,1001951
"643",1440460800,2015-08-25,0.007126,NA,1011394
"644",1440547200,2015-08-26,0.007492,NA,1011639
"645",1440633600,2015-08-27,0.007551,NA,997328
"646",1440720000,2015-08-28,0.007433,NA,1000862
"647",1440979200,2015-08-31,0.007884,10,1001959
"648",1441065600,2015-09-01,0.007815,NA,1011538
"649",1441152000,2015-09-02,0.0077,NA,1011033
"650",1441238400,2015-09-03,0.007431,NA,1011461
"651",1441324800,2015-09-04,0.007355,NA,1012158
"652",1441584000,2015-09-07,0.007918,NA,1000829
"653",1441670400,2015-09-08,0.007831,NA,1011331
"654",1441756800,2015-09-09,0.007678,NA,1012502
"655",1441843200,2015-09-10,0.007663,NA,1010369
"656",1441929600,2015-09-11,0.008444,NA,1012754
"657",1442102400,2015-09-13,0.008532,NA,1010419
"658",1442188800,2015-09-14,0.007404,NA,1011800
"659",1442275200,2015-09-15,0.00772,NA,1011177
"660",1442361600,2015-09-16,0.007426,NA,1011174
"661",1442448000,2015-09-17,0.007372,NA,1012062
"662",1442534400,2015-09-18,0.007529,NA,1012858
"663",1442620800,2015-09-19,0.007482,NA,1011699
"664",1442793600,2015-09-21,0.007247,NA,1011710
"665",1442880000,2015-09-22,0.007168,NA,1012126
"666",1442966400,2015-09-23,0.006668,NA,1011751
"667",1443052800,2015-09-24,0.00671,NA,1011727
"668",1443139200,2015-09-25,0.00665,NA,1012096
"669",1443225600,2015-09-26,0.006501,NA,1012096
"670",1443312000,2015-09-27,0.006536,NA,1011820
"671",1443398400,2015-09-28,0.006293,NA,1012408
"672",1443484800,2015-09-29,0.005579,NA,1012064
"673",1443571200,2015-09-30,0.00552,11,1011820
"674",1443657600,2015-10-01,0.005448,NA,1021787
"675",1443744000,2015-10-02,0.005868,NA,1012991
"676",1443830400,2015-10-03,0.005517,NA,1011842
"677",1444003200,2015-10-05,0.005008,NA,1012277
"678",1444089600,2015-10-06,0.005328,NA,1013017
"679",1444176000,2015-10-07,0.005375,NA,1015244
"680",1444262400,2015-10-08,0.005031,NA,1012254
"681",1444348800,2015-10-09,0.004983,NA,1015299
"682",1444521600,2015-10-11,0.005182,NA,1012742
"683",1444694400,2015-10-13,0.005377,NA,1013188
"684",1444780800,2015-10-14,0.005418,NA,1014373
"685",1444867200,2015-10-15,0.005399,NA,1014355
"686",1444953600,2015-10-16,0.005398,NA,1014716
"687",1445212800,2015-10-19,0.005043,NA,1015315
"688",1445299200,2015-10-20,0.004731,NA,1014563
"689",1445385600,2015-10-21,0.004697,NA,1014337
"690",1445472000,2015-10-22,0.004723,NA,1017785
"691",1445817600,2015-10-26,0.004675,NA,1015348
"692",1445990400,2015-10-28,0.004675,NA,1014679
"693",1446076800,2015-10-29,0.004634,NA,1015244
"694",1446249600,2015-10-31,0.004687,10,1015549
"695",1446422400,2015-11-02,0.005156,NA,1015251
"696",1446508800,2015-11-03,0.005383,NA,1015254
"697",1446595200,2015-11-04,0.004947,NA,1021150
"698",1446681600,2015-11-05,0.004506,NA,1015464
"699",1446768000,2015-11-06,0.004562,NA,1015651
"700",1446854400,2015-11-07,0.004694,NA,1015321
"701",1447027200,2015-11-09,0.004609,NA,1015706
"702",1447113600,2015-11-10,0.004406,NA,1015720
"703",1447200000,2015-11-11,0.004264,NA,1021905
"704",1447286400,2015-11-12,0.004541,NA,1015247
"705",1447372800,2015-11-13,0.004477,NA,1020823
"706",1447545600,2015-11-15,0.004165,NA,995099
"707",1447632000,2015-11-16,0.004234,NA,1021403
"708",1447804800,2015-11-18,0.004258,NA,1021179
"709",1447977600,2015-11-20,0.004227,NA,1015726
"710",1448323200,2015-11-24,0.004242,NA,1021488
"711",1448409600,2015-11-25,0.004318,NA,1021355
"712",1448841600,2015-11-30,0.004201,12,1021356
"713",1448928000,2015-12-01,0.00409,NA,1021424
"714",1449014400,2015-12-02,0.004173,NA,1017829
"715",1449100800,2015-12-03,0.004262,NA,1018134
"716",1449187200,2015-12-04,0.004754,NA,1021365
"717",1449273600,2015-12-05,0.005301,NA,1022086
"718",1449446400,2015-12-07,0.00556,NA,1021527
"719",1449532800,2015-12-08,0.006775,NA,1021423
"720",1449619200,2015-12-09,0.008523,NA,1021535
"721",1449705600,2015-12-10,0.008444,NA,1021592
"722",1449878400,2015-12-12,0.008536,NA,1021472
"723",1450051200,2015-12-14,0.007614,NA,1021423
"724",1450137600,2015-12-15,0.006684,NA,1021718
"725",1450224000,2015-12-16,0.006755,NA,1022054
"726",1450310400,2015-12-17,0.006694,NA,1021775
"727",1450396800,2015-12-18,0.006387,NA,1021792
"728",1450483200,2015-12-19,0.006291,NA,1022102
"729",1450656000,2015-12-21,0.006269,NA,1018395
"730",1450828800,2015-12-23,0.006021,NA,1017790
"731",1451260800,2015-12-28,0.00634,NA,1022102
"732",1451347200,2015-12-29,0.006264,NA,1021718
"733",1451520000,2015-12-31,0.00604,9,1021718
"734",1451865600,2016-01-04,0.005958,NA,1021720
"735",1451952000,2016-01-05,0.006044,NA,1022103
"736",1452038400,2016-01-06,0.006003,NA,1018461
"737",1452124800,2016-01-07,0.006039,NA,1022078
"738",1452211200,2016-01-08,0.005933,NA,1022070
"739",1452297600,2016-01-09,0.005982,NA,1022408
"740",1452470400,2016-01-11,0.005895,NA,1022095
"741",1452556800,2016-01-12,0.005854,NA,1022070
"742",1452643200,2016-01-13,0.005794,NA,1018540
"743",1452729600,2016-01-14,0.005529,NA,1018170
"744",1452816000,2016-01-15,0.005229,NA,1018496
"745",1453075200,2016-01-18,0.005326,NA,996468
"746",1453161600,2016-01-19,0.005271,NA,1015997
"747",1453248000,2016-01-20,0.005381,NA,1018170
"748",1453334400,2016-01-21,0.005313,NA,995875
"749",1453420800,2016-01-22,0.005114,NA,996271
"750",1453680000,2016-01-25,0.005135,NA,959921
"751",1453766400,2016-01-26,0.005419,NA,959217
"752",1453852800,2016-01-27,0.006506,NA,1020465
"753",1453939200,2016-01-28,0.006226,NA,959931
"754",1454025600,2016-01-29,0.00684,NA,989165
"755",1454198400,2016-01-31,0.006399,10,988391
"756",1454371200,2016-02-02,0.006768,NA,959954
"757",1454457600,2016-02-03,0.006883,NA,1057674
"758",1454630400,2016-02-05,0.007262,NA,989995
"759",1454889600,2016-02-08,0.007991,NA,959988
"760",1454976000,2016-02-09,0.007815,NA,988856
"761",1455062400,2016-02-10,0.007853,NA,989861
"762",1455148800,2016-02-11,0.007815,NA,987641
"763",1455235200,2016-02-12,0.007979,NA,987244
"764",1455408000,2016-02-14,0.00859,NA,987303
"765",1455580800,2016-02-16,0.008451,NA,988881
"766",1455667200,2016-02-17,0.008138,NA,987138
"767",1455753600,2016-02-18,0.007995,NA,987258
"768",1455926400,2016-02-20,0.008253,NA,987936
"769",1456012800,2016-02-21,0.0081,NA,987384
"770",1456099200,2016-02-22,0.00805,NA,987386
"771",1456185600,2016-02-23,0.00797,NA,988881
"772",1456272000,2016-02-24,0.008076,NA,986279
"773",1456358400,2016-02-25,0.008027,NA,1016995
"774",1456444800,2016-02-26,0.008058,NA,987953
"775",1456531200,2016-02-27,0.007972,NA,986426
"776",1456704000,2016-02-29,0.007923,9,988856
"777",1456876800,2016-03-02,0.00803,NA,987271
"778",1456963200,2016-03-03,0.008162,NA,995095
"779",1457049600,2016-03-04,0.008096,NA,989891
"780",1457308800,2016-03-07,0.007918,NA,987929
"781",1457395200,2016-03-08,0.007949,NA,995129
"782",1457481600,2016-03-09,0.008056,NA,995173
"783",1457568000,2016-03-10,0.00819,NA,989891
"784",1457654400,2016-03-11,0.008803,NA,1002740
"785",1457740800,2016-03-12,0.0087,NA,1021808
"786",1457913600,2016-03-14,0.008479,NA,995174
"787",1458000000,2016-03-15,0.008186,NA,1003096
"788",1458086400,2016-03-16,0.008178,NA,1088530
"789",1458172800,2016-03-17,0.008287,NA,995360
"790",1458259200,2016-03-18,0.008119,NA,995350
"791",1458345600,2016-03-19,0.008016,NA,992331
"792",1458518400,2016-03-21,0.008047,NA,995371
"793",1458604800,2016-03-22,0.00811,NA,995379
"794",1458691200,2016-03-23,0.008332,NA,1021775
"795",1458777600,2016-03-24,0.00823,NA,995430
"796",1458864000,2016-03-25,0.008191,NA,1018711
"797",1459209600,2016-03-29,0.007566,NA,995451
"798",1459296000,2016-03-30,0.007332,NA,995466
"799",1459382400,2016-03-31,0.007391,9,995618
"800",1459468800,2016-04-01,0.007418,NA,997764
"801",1460073600,2016-04-08,0.006671,NA,995407
"802",1460332800,2016-04-11,0.006048,NA,995618
"803",1460678400,2016-04-15,0.006424,NA,995236
"804",1460937600,2016-04-18,0.006987,NA,995408
"805",1461024000,2016-04-19,0.007118,NA,1008405
"806",1461110400,2016-04-20,0.007244,NA,1007951
"807",1461196800,2016-04-21,0.007433,NA,1019013
"808",1461283200,2016-04-22,0.007284,NA,1008393
"809",1461542400,2016-04-25,0.007283,NA,1008511
"810",1461628800,2016-04-26,0.007095,NA,1026666
"811",1461715200,2016-04-27,0.006725,NA,1021923
"812",1461801600,2016-04-28,0.006686,NA,1019110
"813",1461888000,2016-04-29,0.006759,NA,1022789
"814",1461974400,2016-04-30,0.006812,12,1018984
"815",1462060800,2016-05-01,0.006791,NA,1020000
"816",1462147200,2016-05-02,0.006714,NA,1018616
"817",1462233600,2016-05-03,0.00656,NA,1017053
"818",1462320000,2016-05-04,0.006323,NA,1019022
"819",1462406400,2016-05-05,0.006193,NA,1022898
"820",1462492800,2016-05-06,0.006399,NA,1019976
"821",1462579200,2016-05-07,0.00649,NA,1023454
"822",1462752000,2016-05-09,0.006399,NA,1018956
"823",1462838400,2016-05-10,0.006272,NA,1022338
"824",1463011200,2016-05-12,0.006167,NA,1026474
"825",1463097600,2016-05-13,0.006109,NA,1023542
"826",1463184000,2016-05-14,0.006073,NA,1022823
"827",1463270400,2016-05-15,0.006061,NA,1022337
"828",1463529600,2016-05-18,0.006028,NA,1024881
"829",1463616000,2016-05-19,0.006032,NA,1023516
"830",1463702400,2016-05-20,0.006084,NA,1026657
"831",1463961600,2016-05-23,0.005909,NA,1022825
"832",1464048000,2016-05-24,0.005962,NA,1026618
"833",1464134400,2016-05-25,0.005756,NA,1027365
"834",1464220800,2016-05-26,0.005669,NA,1027476
"835",1464307200,2016-05-27,0.005679,NA,1026703
"836",1464652800,2016-05-31,0.005706,11,1027145
"837",1464739200,2016-06-01,0.005809,NA,1026659
"838",1464825600,2016-06-02,0.005766,NA,1026883
"839",1464912000,2016-06-03,0.005827,NA,1027168
"840",1465171200,2016-06-06,0.005769,NA,1027492
"841",1465257600,2016-06-07,0.00578,NA,1027760
"842",1465344000,2016-06-08,0.00577,NA,1027906
"843",1465776000,2016-06-13,0.005824,NA,1028084
"844",1465862400,2016-06-14,0.007105,NA,1028194
"845",1465948800,2016-06-15,0.006887,NA,1028360
"846",1466035200,2016-06-16,0.006676,NA,1028184
"847",1466467200,2016-06-21,0.006172,NA,1028194
"848",1466640000,2016-06-23,0.006381,NA,1028233
"849",1466726400,2016-06-24,0.006434,NA,1028233
"850",1466985600,2016-06-27,0.006398,NA,1028370
"851",1467072000,2016-06-28,0.006773,NA,1028918
"852",1467158400,2016-06-29,0.006777,NA,1030460
"853",1467244800,2016-06-30,0.006657,11,1028374
"854",1467331200,2016-07-01,0.006787,NA,1028378
"855",1467676800,2016-07-05,0.006699,NA,1028378
"856",1467763200,2016-07-06,0.006691,NA,1028898
"857",1467849600,2016-07-07,0.006598,NA,1028239
"858",1467936000,2016-07-08,0.006715,NA,1029783
"859",1468195200,2016-07-11,0.006534,NA,1089307
"860",1468281600,2016-07-12,0.00635,NA,1062093
"861",1468368000,2016-07-13,0.006411,NA,1056483
"862",1468540800,2016-07-15,0.006442,NA,1029128
"863",1468886400,2016-07-19,0.006405,NA,1032758
"864",1468972800,2016-07-20,0.006395,NA,1029438
"865",1469059200,2016-07-21,0.006416,NA,1028178
"866",1469145600,2016-07-22,0.006303,NA,1088907
"867",1469404800,2016-07-25,0.006246,NA,1033510
"868",1469577600,2016-07-27,0.005969,NA,1028895
"869",1469664000,2016-07-28,0.005974,NA,1033230
"870",1469750400,2016-07-29,0.006111,NA,1029129
"871",1469836800,2016-07-30,0.006121,NA,1028895
"872",1469923200,2016-07-31,0.005945,11,1033334
"873",1470009600,2016-08-01,0.005906,NA,1029783
"874",1470096000,2016-08-02,0.00569,NA,1030727
"875",1470182400,2016-08-03,0.005646,NA,1032762
"876",1470355200,2016-08-05,0.006447,NA,1056013
"877",1470528000,2016-08-07,0.006178,NA,1032758
"878",1470614400,2016-08-08,0.006027,NA,1033626
"879",1470700800,2016-08-09,0.006163,NA,1033631
"880",1470787200,2016-08-10,0.006194,NA,1062913
"881",1470873600,2016-08-11,0.006189,NA,1033284
"882",1471219200,2016-08-15,0.006045,NA,1033626
"883",1471305600,2016-08-16,0.00614,NA,1033312
"884",1471478400,2016-08-18,0.006122,NA,1033803
"885",1471564800,2016-08-19,0.006119,NA,1033333
"886",1471824000,2016-08-22,0.006,NA,1034286
"887",1471910400,2016-08-23,0.006019,NA,1088913
"888",1472169600,2016-08-26,0.00603,NA,1034292
"889",1472428800,2016-08-29,0.006131,NA,1055987
"890",1472515200,2016-08-30,0.006026,NA,1089825
"891",1472601600,2016-08-31,0.006012,11,1089825
"892",1472688000,2016-09-01,0.005984,NA,1046140
"893",1472774400,2016-09-02,0.00597,NA,1033731
"894",1472947200,2016-09-04,0.005954,NA,1063699
"895",1473206400,2016-09-07,0.005892,NA,1056014
"896",1473292800,2016-09-08,0.005902,NA,1034052
"897",1473552000,2016-09-11,0.005842,NA,1045965
"898",1473724800,2016-09-13,0.005886,NA,1045965
"899",1473897600,2016-09-15,0.008303,NA,1056493
"900",1473984000,2016-09-16,0.007446,NA,1054706
"901",1474329600,2016-09-20,0.006785,NA,1046411
"902",1474416000,2016-09-21,0.006829,NA,1058714
"903",1474502400,2016-09-22,0.006843,NA,1055237
"904",1474848000,2016-09-26,0.007963,NA,1055252
"905",1474934400,2016-09-27,0.008229,NA,1057508
"906",1475020800,2016-09-28,0.009048,NA,1054603
"907",1475107200,2016-09-29,0.008914,NA,1062217
"908",1475193600,2016-09-30,0.00883,11,1055698
"909",1475280000,2016-10-01,0.008205,NA,1055720
"910",1475539200,2016-10-04,0.007853,NA,1057555
"911",1475625600,2016-10-05,0.007435,NA,1057594
"912",1475798400,2016-10-07,0.007377,NA,1057673
"913",1476230400,2016-10-12,0.007949,NA,1057730
"914",1476662400,2016-10-17,0.00803,NA,1059295
"915",1476748800,2016-10-18,0.00835,NA,1058814
"916",1476921600,2016-10-20,0.009092,NA,1059737
"917",1477008000,2016-10-21,0.009029,NA,1058814
"918",1477267200,2016-10-24,0.009065,NA,1059758
"919",1477353600,2016-10-25,0.008891,NA,1066157
"920",1477440000,2016-10-26,0.008835,NA,1064247
"921",1477526400,2016-10-27,0.008481,NA,1058830
"922",1477612800,2016-10-28,0.008143,NA,1059718
"923",1477872000,2016-10-31,0.008196,11,1059718
"924",1477958400,2016-11-01,0.008102,NA,1059716
"925",1478044800,2016-11-02,0.008222,NA,1091292
"926",1478131200,2016-11-03,0.008021,NA,1059728
"927",1478217600,2016-11-04,0.008157,NA,1065052
"928",1478476800,2016-11-07,0.008108,NA,1059728
"929",1478649600,2016-11-09,0.008079,NA,1066552
"930",1479081600,2016-11-14,0.008098,NA,1065008
"931",1479168000,2016-11-15,0.007881,NA,1065052
"932",1479254400,2016-11-16,0.007842,NA,1065053
"933",1479427200,2016-11-18,0.007778,NA,1065053
"934",1479600000,2016-11-20,0.007651,NA,1016773
"935",1479686400,2016-11-21,0.007566,NA,1074522
"936",1479772800,2016-11-22,0.007434,NA,1074445
"937",1480291200,2016-11-28,0.007008,NA,1022584
"938",1480377600,2016-11-29,0.00678,NA,1065054
"939",1480464000,2016-11-30,0.006723,9,1021914
"940",1480636800,2016-12-02,0.00666,NA,1017272
"941",1480723200,2016-12-03,0.006588,NA,1022048
"942",1480896000,2016-12-05,0.006434,NA,1022411
"943",1480982400,2016-12-06,0.006655,NA,1065054
"944",1481068800,2016-12-07,0.006851,NA,1074273
"945",1481155200,2016-12-08,0.007097,NA,1066155
"946",1481241600,2016-12-09,0.007135,NA,1021914
"947",1481328000,2016-12-10,0.006816,NA,1103298
"948",1482105600,2016-12-19,0.006545,NA,1103312
"949",1482192000,2016-12-20,0.0065,NA,1082315
"950",1482278400,2016-12-21,0.006445,NA,1079109
"951",1482364800,2016-12-22,0.006363,NA,1022654
"952",1482624000,2016-12-25,0.006444,NA,1084177
"953",1482796800,2016-12-27,0.006199,NA,1075170
"954",1482883200,2016-12-28,0.006173,NA,1074085
"955",1482969600,2016-12-29,0.006341,NA,1022614
"956",1483142400,2016-12-31,0.006449,9,1022614
"957",1483401600,2017-01-03,0.006386,NA,1074151
"958",1483488000,2017-01-04,0.00657,NA,1074389
"959",1483574400,2017-01-05,0.006201,NA,1091303
"960",1483660800,2017-01-06,0.006315,NA,1088824
"961",1483747200,2017-01-07,0.006366,NA,1091320
"962",1484006400,2017-01-10,0.006698,NA,1083728
"963",1484092800,2017-01-11,0.006411,NA,1103292
"964",1484265600,2017-01-13,0.006596,NA,1074389
"965",1484352000,2017-01-14,0.006863,NA,1088898
"966",1484438400,2017-01-15,0.006726,NA,1083635
"967",1484611200,2017-01-17,0.0068,NA,1086684
"968",1484697600,2017-01-18,0.006709,NA,1091484
"969",1484784000,2017-01-19,0.007034,NA,1090398
"970",1485129600,2017-01-23,0.006697,NA,1090293
"971",1485216000,2017-01-24,0.00654,NA,1091595
"972",1485388800,2017-01-26,0.00669,NA,1084048
"973",1485475200,2017-01-27,0.006415,NA,1088809
"974",1485648000,2017-01-29,0.006402,NA,1074579
"975",1485734400,2017-01-30,0.006381,NA,1074595
"976",1485820800,2017-01-31,0.006314,10,1074595
"977",1485907200,2017-02-01,0.00654,NA,1086684
"978",1485993600,2017-02-02,0.006469,NA,1088874
"979",1486080000,2017-02-03,0.006474,NA,1091497
"980",1486339200,2017-02-06,0.00645,NA,1091497
"981",1486425600,2017-02-07,0.006407,NA,1091984
"982",1486512000,2017-02-08,0.006438,NA,1091979
"983",1486598400,2017-02-09,0.006374,NA,1091523
"984",1486684800,2017-02-10,0.006289,NA,1091719
"985",1486944000,2017-02-13,0.006251,NA,1092298
"986",1487030400,2017-02-14,0.006278,NA,1092393
"987",1487203200,2017-02-16,0.006027,NA,1092283
"988",1487289600,2017-02-17,0.005935,NA,1092393
"989",1487376000,2017-02-18,0.005569,NA,1083520
"990",1487808000,2017-02-23,0.005895,NA,1083062
"991",1487894400,2017-02-24,0.005701,NA,1092488
"992",1487980800,2017-02-25,0.005665,NA,1081393
"993",1488153600,2017-02-27,0.005609,NA,1089488
"994",1488240000,2017-02-28,0.005536,11,1092489
"995",1488326400,2017-03-01,0.005408,NA,1092421
"996",1488758400,2017-03-06,0.006057,NA,1090051
"997",1488844800,2017-03-07,0.006534,NA,1092270
"998",1488931200,2017-03-08,0.006509,NA,1090051
"999",1489017600,2017-03-09,0.006498,NA,1092285
"1000",1489104000,2017-03-10,0.006227,NA,1090144
"1001",1489190400,2017-03-11,0.006238,NA,1090235
"1002",1489449600,2017-03-14,0.006381,NA,1090235
"1003",1489622400,2017-03-16,0.006394,NA,1090292
"1004",1489708800,2017-03-17,0.006116,NA,1081691
"1005",1490054400,2017-03-21,0.006909,NA,1081460
"1006",1490313600,2017-03-24,0.010518,NA,1081456
"1007",1490572800,2017-03-27,0.009597,NA,1083074
"1008",1490745600,2017-03-29,0.010101,NA,1083416
"1009",1490832000,2017-03-30,0.013276,NA,1083520
"1010",1490918400,2017-03-31,0.020889,9,1083566
"1011",1491004800,2017-04-01,0.021892,NA,1088990
"1012",1491350400,2017-04-05,0.035544,NA,1089278
"1013",1491436800,2017-04-06,0.032665,NA,1089279
"1014",1491523200,2017-04-07,0.036319,NA,1089279
"1015",1491609600,2017-04-08,0.035849,NA,1089279
"1016",1491868800,2017-04-11,0.032952,NA,1089834
"1017",1491955200,2017-04-12,0.034336,NA,1089677
"1018",1492041600,2017-04-13,0.034383,NA,1141184
"1019",1492128000,2017-04-14,0.033779,NA,1083566
"1020",1492560000,2017-04-19,0.030173,NA,1083689
"1021",1492646400,2017-04-20,0.029984,NA,1083875
"1022",1492992000,2017-04-24,0.031384,NA,1089279
"1023",1493078400,2017-04-25,0.032346,NA,1090024
"1024",1493164800,2017-04-26,0.032797,NA,1089433
"1025",1493337600,2017-04-28,0.044475,NA,1090049
"1026",1493424000,2017-04-29,0.052868,NA,1090017
"1027",1493510400,2017-04-30,0.051607,9,1090017
"1028",1493683200,2017-05-02,0.053908,NA,1089361
"1029",1493769600,2017-05-03,0.06049,NA,1090021
"1030",1493856000,2017-05-04,0.078914,NA,1090022
"1031",1494288000,2017-05-09,0.160074,NA,1089453
"1032",1494892800,2017-05-16,0.349861,NA,1089363
"1033",1494979200,2017-05-17,0.394132,NA,1090023
"1034",1495065600,2017-05-18,0.364869,NA,1090030
"1035",1495497600,2017-05-23,0.323368,NA,1090032
"1036",1495670400,2017-05-25,0.246065,NA,1090227
"1037",1496188800,2017-05-31,0.24659,9,1090023
"1038",1496275200,2017-06-01,0.333657,NA,1090023
"1039",1496793600,2017-06-07,0.279783,NA,1089957
"1040",1496880000,2017-06-08,0.289678,NA,1089984
"1041",1496966400,2017-06-09,0.286019,NA,1090231
"1042",1497398400,2017-06-14,0.278447,NA,1140438
"1043",1497484800,2017-06-15,0.259266,NA,1090268
"1044",1498089600,2017-06-22,0.297848,NA,1090322
"1045",1498176000,2017-06-23,0.319978,NA,1090299
"1046",1498435200,2017-06-26,0.277288,NA,1090299
"1047",1498608000,2017-06-28,0.280455,NA,1090340
"1048",1498694400,2017-06-29,0.265421,NA,1090299
"1049",1498780800,2017-06-30,0.26293,12,1090299
"1050",1501459200,2017-07-31,0.167386,8,1090299
"1051",1501545600,2017-08-01,0.177053,NA,1140451
"1052",1501718400,2017-08-03,0.174612,NA,1141183
"1053",1502236800,2017-08-09,0.182947,NA,1136269
"1054",1502928000,2017-08-17,0.157498,NA,1141352
"1055",1503532800,2017-08-24,0.218958,NA,1140466
"1056",1503619200,2017-08-25,0.217828,NA,1141401
"1057",1504137600,2017-08-31,0.25563,8,1141401
"1058",1504224000,2017-09-01,0.248479,NA,1141246
"1059",1504569600,2017-09-05,0.215189,NA,1141452
"1060",1504656000,2017-09-06,0.226186,NA,1133915
"1061",1504742400,2017-09-07,0.22364,NA,1141452
"1062",1505174400,2017-09-12,0.209303,NA,1090528
"1063",1505779200,2017-09-19,0.184041,NA,1090543
"1064",1505952000,2017-09-21,0.171754,NA,1141575
"1065",1506124800,2017-09-23,0.177882,NA,1134247
"1066",1506556800,2017-09-28,0.196131,NA,1141657
"1067",1506729600,2017-09-30,0.197529,7,1141657
"1068",1507075200,2017-10-04,0.214774,NA,1134424
"1069",1507161600,2017-10-05,0.237016,NA,1135363
"1070",1507507200,2017-10-09,0.251825,NA,1134390
"1071",1508112000,2017-10-16,0.256232,NA,1141849
"1072",1508198400,2017-10-17,0.232064,NA,1141641
"1073",1508284800,2017-10-18,0.21852,NA,1141849
"1074",1508371200,2017-10-19,0.21515,NA,1134276
"1075",1508889600,2017-10-25,0.204604,NA,1135403
"1076",1509062400,2017-10-27,0.202785,NA,1141853
"1077",1509408000,2017-10-31,0.200558,8,1141853
"1078",1509580800,2017-11-02,0.205861,NA,1135368
"1079",1510617600,2017-11-14,0.209825,NA,1141922
"1080",1510704000,2017-11-15,0.212956,NA,1135821
"1081",1510876800,2017-11-17,0.226581,NA,1135821
"1082",1511308800,2017-11-22,0.238859,NA,1134370
"1083",1511395200,2017-11-23,0.242402,NA,1142042
"1084",1511740800,2017-11-27,0.253927,NA,1141922
"1085",1511827200,2017-11-28,0.299152,NA,1141398
"1086",1511913600,2017-11-29,0.243064,NA,1135840
"1087",1512000000,2017-11-30,0.250878,5,1135840
"1088",1512086400,2017-12-01,0.255699,NA,1142042
"1089",1514678400,2017-12-31,0.864263,1,1142042
